"ID","Player","Team","Position","RkOv","Status","Opponent","FPts","FP/G","Ros %","+/-","GP","Min","G","KP","AT","SOT","TkW","DIS","YC","RC","ACNC","Int","CLR","CoS","BS","AER","PKM","PKD","OG","GAO","CS"
"*0524k*","Rodri","MCI","M","2","Vroom","NEW Sat 12:00PM","27","27","100%","0%","1","90","1","1","1","3","3","1","0","0","0","0","0","0","0","1","0","0","0","0","1"
"*04adp*","Aaron Wan-Bissaka","MUN","D","591","Kish123","@TOT Sat 9:30AM","27","27","60%","0%","1","90","0","3","1","0","1","1","0","0","0","2","2","2","2","1","0","0","0","0","1"
"*063zg*","Pervis Estupinan","BHA","D","3","XXX","@WOL Sat 7:00AM","26","26","100%","0%","1","90","0","6","1","2","1","0","1","0","3","0","0","1","0","2","0","0","0","1","0"
"*061vq*","Erling Haaland","MCI","F","4","dsb_ff","NEW Sat 12:00PM","25.5","25.5","100%","0%","1","79","2","2","0","2","0","2","0","0","0","0","1","0","0","1","0","0","0","0","1"
"*0414o*","James Maddison","TOT","M","5","Maddihat","MUN Sat 9:30AM","25.5","25.5","100%","0%","1","90","0","6","2","1","0","2","1","0","1","1","1","0","0","1","0","0","0","2","0"
"*0646f*","Alexander Isak","NEW","F","6","avitek","@MCI Sat 12:00PM","25","25","100%","0%","1","67","2","0","0","3","0","0","0","0","0","0","0","1","0","0","0","0","0","1","0"
"*04y92*","Bukayo Saka","ARS","M","8","Adam","@CRY Mon 12:00PM","23.5","23.5","100%","0%","1","90","1","3","0","2","4","1","0","0","1","0","0","0","0","0","0","0","0","1","0"
"*05os8*","Joachim Andersen","CRY","D","7","deceptiv","ARS Mon 12:00PM","23.5","23.5","47%","0%","1","90","0","2","0","2","1","0","0","0","0","0","6","2","1","4","0","0","0","0","1"
"*05w9q*","Odsonne Edouard","CRY","F","9","W (Thu)","ARS Mon 12:00PM","23","23","7%","0%","1","90","1","2","0","3","1","1","0","0","0","0","0","2","0","3","0","0","0","0","1"
"*046c5*","Jarrod Bowen","WHU","M","10","dsb_ff","CHE Sun 8:30AM","22.5","22.5","100%","0%","1","90","1","3","0","1","2","2","1","0","0","0","0","4","0","5","0","0","0","1","0"
"*062cn*","Julian Alvarez","MCI","F","11","dsb_ff","NEW Sat 12:00PM","22","22","100%","0%","1","90","0","6","1","1","1","1","0","0","1","0","0","0","0","1","0","0","0","0","1"
"*05up6*","Raphael Varane","MUN","D","585","W (Thu)","@TOT Sat 9:30AM","20.75","20.75","67%","0%","1","90","1","0","0","1","0","1","0","0","0","0","5","0","1","1","0","0","0","0","1"
"*04abn*","Harvey Barnes","NEW","M","12","avitek","@MCI Sat 12:00PM","20.5","20.5","100%","0%","1","21","1","2","1","1","0","1","0","0","0","0","0","0","0","0","0","0","0","0","0"
"*05nt6*","Eberechi Eze","CRY","M","13","XXX","ARS Mon 12:00PM","20","20","100%","0%","1","90","0","7","0","0","0","2","0","0","3","0","0","2","0","2","0","0","0","0","1"
"*05uor*","Yoane Wissa","BRF","F","14","Adam","@FUL Sat 7:00AM","20","20","80%","0%","1","71","1","2","0","2","1","2","0","0","0","1","1","1","1","0","0","0","0","2","0"
"*04fk1*","Pascal Gross","BHA","M","15","deceptiv","@WOL Sat 7:00AM","19.5","19.5","100%","0%","1","90","0","6","0","1","1","1","0","0","0","2","1","1","1","2","0","0","0","1","0"
"*04e1k*","Solly March","BHA","M","16","Maddihat","@WOL Sat 7:00AM","19.5","19.5","100%","0%","1","73","1","2","0","2","1","4","0","0","0","0","1","2","0","1","0","0","0","0","1"
"*0414p*","Carlton Morris","LUT","F","17","dsb_ff","","18.5","18.5","73%","0%","1","90","1","0","0","2","0","1","0","0","0","0","2","1","0","10","0","0","0","4","0"
"*06dq8*","Moussa Diaby","AVL","F","18","Vroom","EVE Sun 6:00AM","18","18","100%","0%","1","86","1","2","0","2","1","4","0","0","0","0","0","2","0","0","0","0","0","4","0"
"*05g2o*","Joao Pedro","BHA","F","19","Maddihat","@WOL Sat 7:00AM","18","18","100%","0%","1","87","1","1","0","2","2","2","0","0","0","0","1","0","0","0","0","1","0","1","0"
"*056iy*","Pedro Neto","WOL","F","430","Kish123","BHA Sat 7:00AM","18","18","40%","0%","1","90","0","4","0","2","0","0","1","0","4","0","0","4","0","0","0","0","0","1","0"
"*062ci*","Kaoru Mitoma","BHA","M","21","Kish123","@WOL Sat 7:00AM","16.5","16.5","100%","0%","1","90","0","5","1","0","0","0","1","0","1","0","0","1","0","1","0","0","0","1","0"
"*06cms*","Sandro Tonali","NEW","M","22","avitek","@MCI Sat 12:00PM","16.5","16.5","100%","0%","1","88","1","1","0","2","1","0","1","0","1","1","0","0","0","1","0","0","0","1","0"
"*050jq*","Marc Guehi","CRY","D","20","W (Thu)","ARS Mon 12:00PM","16.5","16.5","40%","0%","1","88","0","1","0","0","0","0","0","0","0","2","2","1","2","3","0","0","0","0","1"
"*03fgo*","Dominic Solanke","BOU","F","23","4b. DcbB","@LIV Sat 7:00AM","16","16","80%","0%","1","90","1","2","0","2","0","4","0","0","0","0","0","1","0","0","0","0","0","1","0"
"*05gcp*","Tomas Soucek","WHU","M","24","W (Thu)","CHE Sun 8:30AM","16","16","40%","0%","1","90","0","1","1","0","5","0","0","0","0","0","7","0","0","6","0","0","0","1","0"
"*05yld*","Luis Diaz","LIV","F","25","Adam","BOU Sat 7:00AM","15.5","15.5","100%","0%","1","76","1","1","0","1","1","1","0","0","0","0","0","2","0","0","0","0","0","1","0"
"*03r8x*","Callum Wilson","NEW","F","26","dsb_ff","@MCI Sat 12:00PM","15.5","15.5","100%","0%","1","21","1","0","0","4","0","3","0","0","0","0","0","0","0","0","0","0","0","0","0"
"*05ocl*","Ollie Watkins","AVL","F","27","4b. DcbB","EVE Sun 6:00AM","15","15","100%","0%","1","90","0","2","1","1","1","2","0","0","0","0","2","2","1","0","0","0","0","5","0"
"*052h5*","Gabriel Martinelli","ARS","M","30","4b. DcbB","@CRY Mon 12:00PM","14.5","14.5","100%","0%","1","85","0","3","1","0","1","4","0","0","1","0","0","2","0","1","0","0","0","1","0"
"*038ze*","Alex Iwobi","EVE","M","29","Adam","@AVL Sun 6:00AM","14.5","14.5","93%","0%","1","90","0","3","0","2","0","1","0","0","1","1","0","3","0","0","0","0","0","1","0"
"*05tqz*","Rico Henry","BRF","D","28","W (Thu)","@FUL Sat 7:00AM","14.5","14.5","80%","0%","1","90","0","3","1","0","0","2","0","0","1","1","2","3","0","1","0","0","0","2","0"
"*063zi*","Matheus Nunes","WOL","M","487","W (Thu)","BHA Sat 7:00AM","14.5","14.5","20%","0%","1","90","0","2","0","0","1","3","0","0","1","4","1","5","0","2","0","0","0","1","0"
"*02y6o*","Nathan Ake","MCI","D","31","Pancake","NEW Sat 12:00PM","14.25","14.25","67%","0%","1","78","0","0","0","0","3","0","0","0","0","2","1","0","0","3","0","0","0","0","1"
"*06ew2*","Axel Disasi","CHE","D","32","W (Thu)","@WHU Sun 8:30AM","13.75","13.75","40%","0%","1","90","1","0","0","1","0","0","0","0","0","2","3","0","0","1","0","0","0","1","0"
"*05trb*","Bryan Mbeumo","BRF","F","33","Maddihat","@FUL Sat 7:00AM","13.5","13.5","100%","0%","1","90","1","0","0","2","0","3","0","0","0","1","0","0","0","2","0","0","0","2","0"
"*05vyj*","Evan Ferguson","BHA","F","35","deceptiv","@WOL Sat 7:00AM","13","13","93%","0%","1","11","1","1","0","1","0","0","0","0","0","0","0","0","0","0","0","0","0","1","0"
"*04rd0*","Bobby De Cordova-Reid","FUL","F","34","W (Thu)","BRF Sat 7:00AM","13","13","0%","0%","1","45","1","0","0","1","1","0","0","0","0","0","1","0","1","0","0","0","0","0","0"
"*0649j*","Manuel Akanji","MCI","D","36","W (Thu)","NEW Sat 12:00PM","12.5","12.5","87%","0%","1","90","0","0","0","0","1","0","0","0","0","0","2","0","1","4","0","0","0","0","1"
"*05oeh*","Kenny Tete","FUL","D","39","Pancake","BRF Sat 7:00AM","12.5","12.5","87%","0%","1","90","0","1","0","0","1","1","1","0","1","2","4","1","1","0","0","0","0","0","1"
"*04ge9*","Eddie Nketiah","ARS","F","38","Vroom","@CRY Mon 12:00PM","12.5","12.5","73%","0%","1","72","1","0","0","1","1","1","0","0","0","0","0","0","0","2","0","0","0","0","1"
"*04tzt*","Jefferson Lerma","CRY","M","37","W (Thu)","ARS Mon 12:00PM","12.5","12.5","0%","0%","1","90","0","1","0","0","3","3","0","0","0","1","1","1","0","12","0","0","0","0","1"
"*05uoc*","Cristian Romero","TOT","D","40","W (Thu)","MUN Sat 9:30AM","12.25","12.25","47%","0%","1","13","1","0","0","1","0","0","0","0","0","0","1","0","0","0","0","0","0","0","0"
"*02m4d*","Craig Dawson","WOL","D","312","W (Thu)","BHA Sat 7:00AM","12.25","12.25","7%","0%","1","90","0","1","0","0","0","0","0","0","0","1","5","0","2","8","0","0","0","1","0"
"*04sft*","Yves Bissouma","TOT","M","41","W (Thu)","MUN Sat 9:30AM","12","12","13%","0%","1","90","0","1","0","0","1","0","0","0","0","4","2","5","0","0","0","0","0","2","0"
"*03am7*","Jacob Murphy","NEW","M","43","W (Thu)","@MCI Sat 12:00PM","12","12","0%","0%","1","3","0","2","1","0","0","0","0","0","0","0","0","2","0","0","0","0","0","0","0"
"*03v6t*","Ben Chilwell","CHE","D","45","Kish123","@WHU Sun 8:30AM","11.5","11.5","100%","0%","1","88","0","1","1","1","1","1","0","0","0","0","0","1","0","1","0","0","0","1","0"
"*04agz*","Declan Rice","ARS","M","46","dsb_ff","@CRY Mon 12:00PM","11.5","11.5","100%","0%","1","90","0","0","0","3","4","0","0","0","0","1","0","0","0","1","0","0","0","1","0"
"*0647t*","Lucas Paqueta","WHU","M","47","deceptiv","CHE Sun 8:30AM","11.5","11.5","100%","0%","1","88","0","2","0","1","7","1","1","0","0","0","1","0","0","2","0","0","0","1","0"
"*03sgc*","Jordan Ayew","CRY","F","44","dsb_ff","ARS Mon 12:00PM","11.5","11.5","47%","0%","1","90","0","2","1","1","0","8","0","0","1","1","0","1","0","1","0","0","0","0","1"
"*04qos*","Issa Diop","FUL","D","48","W (Thu)","BRF Sat 7:00AM","11.25","11.25","0%","0%","1","90","0","0","0","0","0","0","0","0","0","0","9","0","1","2","0","0","0","0","1"
"*05gcr*","Bruno Fernandes","MUN","M","264","4b. DcbB","@TOT Sat 9:30AM","11","11","100%","0%","1","90","0","3","0","0","2","2","0","0","1","1","0","0","1","0","0","0","0","0","1"
"*062a9*","Sven Botman","NEW","D","51","Maddihat","@MCI Sat 12:00PM","11","11","100%","0%","1","90","0","1","1","0","2","0","1","0","0","1","4","0","1","1","0","0","0","1","0"
"*04rzl*","Taiwo Awoniyi","NOT","F","50","W (Thu)","SHU Fri 11:45AM","11","11","33%","0%","1","18","1","0","0","1","0","1","0","0","0","0","0","0","0","1","0","0","0","0","0"
"*0626q*","Simon Adingra","BHA","F","49","W (Thu)","@WOL Sat 7:00AM","11","11","0%","0%","1","15","1","0","0","1","0","0","0","0","0","0","0","0","0","0","0","0","0","1","0"
"*02oq6*","Luke Shaw","MUN","D","553","Vroom","@TOT Sat 9:30AM","10.75","10.75","100%","0%","1","90","0","0","0","0","2","1","1","0","0","2","5","0","2","0","0","0","0","0","1"
"*05w9m*","Emerson Royal","TOT","D","54","deceptiv","MUN Sat 9:30AM","10.75","10.75","33%","0%","1","90","1","0","0","1","1","0","0","0","0","0","3","1","0","0","0","0","0","2","0"
"*04mdn*","Anthony Gordon","NEW","M","55","4b. DcbB","@MCI Sat 12:00PM","10.5","10.5","47%","0%","1","67","0","2","1","0","0","1","1","0","1","0","0","2","0","0","0","0","0","1","0"
"*04yey*","Max Kilman","WOL","D","413","W (Thu)","BHA Sat 7:00AM","10.5","10.5","20%","0%","1","90","0","1","0","1","1","1","0","0","0","2","4","0","3","2","0","0","0","1","0"
"*05oh0*","Jan-Paul van Hecke","BHA","D","57","W (Thu)","@WOL Sat 7:00AM","10.5","10.5","7%","0%","1","90","0","0","0","1","1","0","0","0","0","2","6","0","1","5","0","0","0","1","0"
"*03dyl*","Jeffrey Schlupp","CRY","M","56","W (Thu)","ARS Mon 12:00PM","10.5","10.5","0%","0%","1","90","0","2","0","1","1","2","0","0","0","0","0","3","0","1","0","0","0","0","1"
"*03rzp*","Antonee Robinson","FUL","D","59","W (Thu)","BRF Sat 7:00AM","10.25","10.25","60%","0%","1","90","0","0","0","0","0","0","0","0","0","0","5","0","0","3","0","0","0","0","1"
"*02m6x*","Tim Ream","FUL","D","58","W (Thu)","BRF Sat 7:00AM","10.25","10.25","7%","0%","1","90","0","0","0","0","0","0","0","0","0","0","5","0","0","3","0","0","0","0","1"
"*062ot*","Cheick Doucoure","CRY","M","60","W (Thu)","ARS Mon 12:00PM","10","10","13%","0%","1","90","0","3","0","1","1","1","0","0","0","0","0","0","0","1","0","0","0","0","1"
"*05ogb*","Anthony Elanga","NOT","F","61","Kish123","SHU Fri 11:45AM","10","10","13%","0%","1","9","0","2","1","0","0","0","0","0","0","0","0","0","0","0","0","0","0","0","0"
"*0329y*","Joel Ward","CRY","D","62","W (Thu)","ARS Mon 12:00PM","10","10","0%","0%","1","90","0","0","0","0","1","1","0","0","0","0","2","0","0","3","0","0","0","0","1"
"*05akv*","Tyrick Mitchell","CRY","D","63","W (Thu)","ARS Mon 12:00PM","9.75","9.75","7%","0%","1","90","0","0","0","0","1","0","0","0","0","0","3","1","0","1","0","0","0","0","1"
"*0649i*","Antony","MUN","F","611","avitek","@TOT Sat 9:30AM","9.5","9.5","93%","0%","1","76","0","3","0","1","0","1","0","0","0","0","0","2","0","0","0","0","0","0","1"
"*063hu*","Amadou Onana","EVE","M","65","W (Thu)","@AVL Sun 6:00AM","9.5","9.5","13%","0%","1","90","0","3","0","1","0","0","0","0","0","1","1","0","0","1","0","0","0","1","0"
"*03dx3*","Kieran Trippier","NEW","D","66","deceptiv","@MCI Sat 12:00PM","9.25","9.25","100%","0%","1","90","0","4","0","0","0","0","0","0","1","1","1","1","0","0","0","0","0","1","0"
"*02lp9*","Kyle Walker","MCI","D","67","Kish123","NEW Sat 12:00PM","9.25","9.25","67%","0%","1","88","0","1","0","0","0","0","0","0","0","0","1","0","0","1","0","0","0","0","1"
"*03ybi*","Marcus Rashford","MUN","F","530","Pancake","@TOT Sat 9:30AM","9","9","100%","0%","1","87","0","1","0","1","0","1","0","0","0","0","0","5","0","1","0","0","0","0","1"
"*068yd*","Joao Gomes","WOL","M","360","W (Thu)","BHA Sat 7:00AM","9","9","0%","0%","1","87","0","2","0","0","4","2","0","0","0","0","2","1","0","2","0","0","0","1","0"
"*02lnn*","Oliver Norwood","SHU","M","68","W (Thu)","@NOT Fri 11:45AM","9","9","0%","0%","1","90","0","2","0","1","1","1","0","0","0","1","1","0","1","1","0","0","0","1","0"
"*05ojg*","Nelson Semedo","WOL","D","277","W (Thu)","BHA Sat 7:00AM","8.75","8.75","0%","0%","1","90","0","1","0","0","2","0","0","0","1","3","3","1","1","0","0","0","0","1","0"
"*04yo6*","Miguel Almiron","NEW","M","69","Pancake","@MCI Sat 12:00PM","8.5","8.5","100%","0%","1","85","0","2","0","1","2","1","0","0","0","1","0","0","0","0","0","0","0","1","0"
"*0642l*","Casemiro","MUN","M","286","dsb_ff","@TOT Sat 9:30AM","8.5","8.5","100%","0%","1","90","0","2","0","0","1","4","0","0","0","1","4","0","3","1","0","0","0","0","1"
"*05tr9*","Mathias Jensen","BRF","M","73","Pancake","@FUL Sat 7:00AM","8.5","8.5","73%","0%","1","48","0","0","1","0","1","1","0","0","0","0","0","0","0","0","0","1","0","2","0"
"*067yz*","Matheus Cunha","WOL","F","546","W (Thu)","BHA Sat 7:00AM","8.5","8.5","20%","0%","1","76","0","1","0","1","0","0","0","0","0","2","0","2","0","1","0","0","0","1","0"
"*03yu2*","Abdoulaye Doucoure","EVE","M","71","W (Thu)","@AVL Sun 6:00AM","8.5","8.5","13%","0%","1","90","0","3","0","1","0","0","0","0","0","0","0","0","0","1","0","0","0","1","0"
"*04sjv*","Ryan Giles","LUT","M","72","Maddihat","","8.5","8.5","13%","0%","1","90","0","2","0","0","2","0","0","0","2","0","4","0","0","1","0","0","0","4","0"
"*05os9*","Thomas Partey","ARS","M","74","W (Thu)","@CRY Mon 12:00PM","8.5","8.5","13%","0%","1","90","0","2","0","0","1","1","0","0","0","2","0","1","1","0","0","0","0","1","0"
"*06f80*","Jacob Brown","LUT","F","70","W (Thu)","","8.5","8.5","0%","0%","1","25","0","0","1","1","0","0","0","0","0","0","0","0","0","1","0","0","0","3","0"
"*0558w*","William Saliba","ARS","D","78","avitek","@CRY Mon 12:00PM","8.25","8.25","100%","0%","1","90","0","1","1","0","0","0","0","0","0","0","1","0","0","1","0","0","0","1","0"
"*02m5l*","John Egan","SHU","D","76","W (Thu)","@NOT Fri 11:45AM","8.25","8.25","7%","0%","1","90","0","0","0","0","1","1","0","0","0","2","11","0","1","4","0","0","0","1","0"
"*04mqv*","Emerson","WHU","D","77","W (Thu)","CHE Sun 8:30AM","8.25","8.25","0%","0%","1","90","0","2","0","0","2","0","1","0","1","1","1","0","1","3","0","0","0","1","0"
"*04qr9*","Morgan Gibbs-White","NOT","M","79","Maddihat","SHU Fri 11:45AM","8","8","100%","0%","1","90","0","1","0","0","1","0","0","0","0","1","1","3","0","2","0","0","0","2","0"
"*051k7*","Reece James","CHE","D","80","Maddihat","@WHU Sun 8:30AM","8","8","100%","0%","1","75","0","2","0","0","0","2","0","0","3","0","0","1","0","3","0","0","0","1","0"
"*03aqp*","Mohamed Salah","LIV","F","83","Vroom","BOU Sat 7:00AM","8","8","100%","0%","1","76","0","1","1","0","0","2","0","0","1","0","0","0","0","0","0","0","0","1","0"
"*06cmm*","Dominik Szoboszlai","LIV","M","84","Kish123","BOU Sat 7:00AM","8","8","100%","0%","1","90","0","3","0","0","1","0","0","0","0","1","1","0","0","0","0","0","0","1","0"
"*03rxs*","Harry Wilson","FUL","M","85","Adam","BRF Sat 7:00AM","8","8","80%","0%","1","90","0","2","0","0","1","2","0","0","2","0","0","1","0","0","0","0","0","0","1"
"*05o8n*","Max Lowe","SHU","D","81","W (Thu)","@NOT Fri 11:45AM","8","8","0%","0%","1","79","0","1","0","0","5","0","0","0","0","1","4","0","1","0","0","0","0","1","0"
"*05o8k*","Fabio Silva","WOL","F","560","W (Thu)","BHA Sat 7:00AM","8","8","0%","0%","1","12","0","1","0","2","1","0","0","0","0","1","0","0","0","0","0","0","0","0","0"
"*04abb*","Phil Foden","MCI","M","89","XXX","NEW Sat 12:00PM","7.5","7.5","100%","0%","1","90","0","2","0","1","0","3","0","0","0","1","0","1","0","0","0","0","0","0","1"
"*04f67*","Philip Billing","BOU","M","86","dsb_ff","@LIV Sat 7:00AM","7.5","7.5","67%","0%","1","90","0","1","0","0","0","2","0","0","1","2","2","1","1","3","0","0","0","1","0"
"*05nt7*","Thiago Silva","CHE","D","91","Adam","@WHU Sun 8:30AM","7.5","7.5","60%","0%","1","90","0","1","0","0","0","0","0","0","0","1","6","0","1","4","0","0","0","1","0"
"*062x7*","Rico Lewis","MCI","D","90","4b. DcbB","NEW Sat 12:00PM","7.5","7.5","20%","0%","1","78","0","0","0","0","0","1","0","0","0","1","0","1","0","0","0","0","0","0","1"
"*05opk*","Vladimir Coufal","WHU","D","88","W (Thu)","CHE Sun 8:30AM","7.5","7.5","13%","0%","1","90","0","2","0","0","0","0","0","0","1","3","2","0","0","1","0","0","0","1","0"
"*04qr0*","Willy Boly","NOT","D","87","W (Thu)","SHU Fri 11:45AM","7.5","7.5","0%","0%","1","90","0","1","0","1","2","0","0","0","0","0","2","0","1","4","0","0","0","2","0"
"*06do9*","Milos Kerkez","BOU","D","92","Vroom","@LIV Sat 7:00AM","7.25","7.25","13%","0%","1","90","0","1","0","0","1","1","0","0","1","0","3","1","0","4","0","0","0","1","0"
"*05oyq*","Said Benrahma","WHU","M","93","XXX","CHE Sun 8:30AM","7","7","100%","0%","1","90","0","2","0","1","0","0","0","0","0","0","0","1","0","0","0","0","0","1","0"
"*05o6h*","Kai Havertz","ARS","F","98","Kish123","@CRY Mon 12:00PM","7","7","100%","0%","1","90","0","2","0","0","1","1","0","0","0","1","1","0","0","3","0","0","0","1","0"
"*068ym*","Enzo Fernandez","CHE","M","96","avitek","@WHU Sun 8:30AM","7","7","93%","0%","1","90","0","2","0","0","1","1","1","0","1","0","1","2","1","1","0","0","0","1","0"
"*062p5*","Levi Colwill","CHE","D","94","Vroom","@WHU Sun 8:30AM","7","7","73%","0%","1","90","0","2","0","0","2","1","0","0","0","1","2","1","0","1","0","0","0","1","0"
"*06clv*","Mahmoud Dahoud","BHA","M","95","W (Thu)","@WOL Sat 7:00AM","7","7","47%","0%","1","73","0","2","0","0","1","0","0","0","1","0","0","0","0","0","0","0","0","0","1"
"*04spw*","James Garner","EVE","M","97","W (Thu)","@AVL Sun 6:00AM","7","7","0%","0%","1","82","0","1","0","0","1","0","0","0","0","1","0","3","0","0","0","0","0","1","0"
"*056mf*","Neal Maupay","EVE","F","99","W (Thu)","@AVL Sun 6:00AM","7","7","0%","0%","1","71","0","1","0","3","0","2","0","0","0","0","1","0","0","0","0","0","0","0","1"
"*068a7*","Pablo Sarabia","WOL","M","547","W (Thu)","BHA Sat 7:00AM","7","7","0%","0%","1","62","0","3","0","0","0","2","0","0","0","0","0","0","1","0","0","0","0","0","1"
"*0327r*","Michael Keane","EVE","D","101","XXX","@AVL Sun 6:00AM","6.75","6.75","33%","0%","1","90","0","0","0","2","1","0","0","0","0","2","3","0","0","1","0","0","0","1","0"
"*03jly*","Andreas Pereira","FUL","M","102","deceptiv","BRF Sat 7:00AM","6.5","6.5","93%","0%","1","31","0","0","1","0","0","0","0","0","0","0","0","0","0","1","0","0","0","0","0"
"*068y0*","Antoine Semenyo","BOU","F","103","W (Thu)","@LIV Sat 7:00AM","6.5","6.5","0%","0%","1","14","0","0","1","0","0","1","0","0","0","0","0","1","0","0","0","0","0","0","0"
"*0620k*","Nayef Aguerd","WHU","D","105","W (Thu)","CHE Sun 8:30AM","6.25","6.25","20%","0%","1","90","0","0","0","0","0","0","0","0","0","2","5","0","0","5","0","0","0","1","0"
"*05ylx*","Dejan Kulusevski","TOT","M","109","Vroom","MUN Sat 9:30AM","6","6","100%","0%","1","90","0","1","0","0","2","0","0","0","0","1","0","1","0","0","0","0","0","2","0"
"*03scr*","Aleksandar Mitrovic","FUL","F","110","XXX","BRF Sat 7:00AM","6","6","93%","0%","1","31","0","0","0","1","0","0","0","0","0","0","0","3","0","2","0","0","0","0","0"
"*051k8*","Conor Gallagher","CHE","M","108","Maddihat","@WHU Sun 8:30AM","6","6","40%","0%","1","90","0","0","0","0","1","0","0","0","0","3","1","1","1","0","0","0","0","1","0"
"*061yd*","Ivan Perisic","TOT","M","111","W (Thu)","MUN Sat 9:30AM","6","6","33%","0%","1","14","0","1","0","0","0","0","0","0","1","0","0","3","0","0","0","0","0","0","0"
"*06clx*","Jordan Beyer","BUR","D","106","W (Thu)","","6","6","13%","0%","1","73","0","0","0","0","4","0","0","0","0","4","4","0","0","1","0","0","0","2","0"
"*05raa*","Hugo Bueno","WOL","D","273","W (Thu)","BHA Sat 7:00AM","6","6","0%","0%","1","12","0","1","0","0","1","0","0","0","2","0","0","1","0","0","0","0","0","0","0"
"*03bmf*","Cauley Woodrow","LUT","F","113","W (Thu)","","6","6","0%","0%","1","1","0","2","0","0","1","0","0","0","0","0","1","0","0","2","0","0","0","1","0"
"*03gu5*","Andrew Robertson","LIV","D","115","Kish123","BOU Sat 7:00AM","5.75","5.75","100%","0%","1","90","0","1","0","0","1","0","0","0","0","2","7","0","1","0","0","0","0","1","0"
"*0427d*","James Tarkowski","EVE","D","116","Adam","@AVL Sun 6:00AM","5.75","5.75","93%","0%","1","90","0","0","0","0","0","0","0","0","0","4","3","0","1","2","0","0","0","1","0"
"*05u7f*","Ibrahima Konate","LIV","D","114","avitek","BOU Sat 7:00AM","5.75","5.75","80%","0%","1","90","0","0","0","0","1","0","0","0","0","1","7","0","1","3","0","0","0","1","0"
"*0554i*","Joelinton","NEW","M","117","4b. DcbB","@MCI Sat 12:00PM","5.5","5.5","100%","0%","1","90","0","0","0","1","3","0","0","0","0","0","0","0","0","1","0","0","0","1","0"
"*04io4*","Richarlison","TOT","F","123","Kish123","MUN Sat 9:30AM","5.5","5.5","100%","0%","1","90","0","1","0","1","0","3","0","0","0","0","0","3","0","0","0","0","0","2","0"
"*03vlj*","Virgil van Dijk","LIV","D","124","Pancake","BOU Sat 7:00AM","5.5","5.5","100%","0%","1","90","0","0","0","0","0","0","0","0","0","3","10","0","0","2","0","0","0","1","0"
"*05tr1*","Ethan Pinnock","BRF","D","121","4b. DcbB","@FUL Sat 7:00AM","5.5","5.5","87%","0%","1","90","0","0","0","0","2","0","0","0","0","2","10","0","0","3","0","0","0","2","0"
"*04u41*","Mateo Kovacic","MCI","M","120","Maddihat","NEW Sat 12:00PM","5.5","5.5","73%","0%","1","66","0","1","0","0","2","1","0","0","0","0","0","1","0","0","0","0","0","0","1"
"*04rh9*","David Brooks","BOU","M","118","deceptiv","@LIV Sat 7:00AM","5.5","5.5","13%","0%","1","74","0","1","0","2","0","1","0","0","0","0","0","0","0","0","0","0","0","1","0"
"*061ve*","Ryan Christie","BOU","M","119","W (Thu)","@LIV Sat 7:00AM","5.5","5.5","0%","0%","1","66","0","1","0","1","2","3","0","0","0","0","0","1","0","0","0","0","0","1","0"
"*03z3w*","Joe Rothwell","BOU","M","122","W (Thu)","@LIV Sat 7:00AM","5.5","5.5","0%","0%","1","90","0","1","0","0","1","1","0","0","0","0","0","2","1","0","0","0","0","1","0"
"*06ezb*","Micky van de Ven","TOT","D","126","avitek","MUN Sat 9:30AM","5.25","5.25","20%","0%","1","90","0","0","0","0","2","0","0","0","0","0","5","2","0","4","0","0","0","2","0"
"*0522h*","Alexis Mac Allister","LIV","M","133","avitek","BOU Sat 7:00AM","5","5","100%","0%","1","90","0","1","0","0","2","0","1","0","0","1","0","2","0","0","0","0","0","1","0"
"*02lkp*","Raheem Sterling","CHE","F","135","4b. DcbB","@WHU Sun 8:30AM","5","5","93%","0%","1","80","0","1","0","0","2","4","0","0","3","0","0","0","0","0","0","0","0","1","0"
"*06dn2*","Zeki Amdouni","BUR","F","127","W (Thu)","","5","5","7%","0%","1","60","0","0","0","1","1","1","0","0","0","0","1","2","0","1","0","0","0","2","0"
"*051lc*","Pablo Fornals","WHU","M","128","W (Thu)","CHE Sun 8:30AM","5","5","0%","0%","1","85","0","1","0","0","3","2","0","0","0","0","0","1","0","0","0","0","0","1","0"
"*03rxa*","Idrissa Gueye","EVE","M","129","W (Thu)","@AVL Sun 6:00AM","5","5","0%","0%","1","90","0","1","0","0","2","0","0","0","0","1","2","0","0","0","0","0","0","1","0"
"*05tre*","Vitaly Janelt","BRF","M","130","W (Thu)","@FUL Sat 7:00AM","5","5","0%","0%","1","90","0","1","0","1","0","2","0","0","0","0","2","0","1","2","0","0","0","2","0"
"*061va*","Boubacar Kamara","AVL","M","131","W (Thu)","EVE Sun 6:00AM","5","5","0%","0%","1","90","0","1","0","0","0","1","0","0","0","1","1","2","0","1","0","0","0","5","0"
"*068yt*","Sasa Lukic","FUL","M","132","W (Thu)","BRF Sat 7:00AM","5","5","0%","0%","1","90","0","1","0","0","1","0","0","0","0","1","2","0","0","0","0","0","0","0","1"
"*037mt*","Harrison Reed","FUL","M","134","W (Thu)","BRF Sat 7:00AM","5","5","0%","0%","1","90","0","1","0","0","0","0","0","0","0","1","1","0","1","0","0","0","0","0","1"
"*068yi*","Illia Zabarnyi","BOU","D","136","W (Thu)","@LIV Sat 7:00AM","5","5","0%","0%","1","90","0","0","0","0","1","0","0","0","0","1","0","0","1","4","0","0","0","1","0"
"*02lny*","Ashley Young","EVE","D","137","W (Thu)","@AVL Sun 6:00AM","4.75","4.75","0%","0%","1","90","0","0","0","0","1","0","0","0","2","0","3","1","0","2","0","0","0","1","0"
"*06cm1*","Nicolas Jackson","CHE","F","139","Adam","@WHU Sun 8:30AM","4.5","4.5","100%","0%","1","90","0","0","0","2","0","2","1","0","0","0","1","2","1","1","0","0","0","1","0"
"*05os4*","Rayan Ait-Nouri","WOL","D","228","W (Thu)","BHA Sat 7:00AM","4.5","4.5","0%","0%","1","76","0","1","0","0","1","0","1","0","0","1","2","2","2","0","0","0","0","1","0"
"*02rlq*","Chris Basham","SHU","D","138","W (Thu)","@NOT Fri 11:45AM","4.5","4.5","0%","0%","1","79","0","0","0","0","0","2","0","0","0","2","2","0","1","4","0","0","0","1","0"
"*055se*","Marvelous Nakamba","LUT","M","140","W (Thu)","","4.5","4.5","0%","0%","1","90","0","1","0","0","2","1","0","0","0","0","0","0","1","0","0","0","0","4","0"
"*06dn3*","Benie Traore","SHU","F","141","W (Thu)","@NOT Fri 11:45AM","4.5","4.5","0%","0%","1","86","0","2","0","0","1","1","0","0","0","0","0","0","0","0","0","0","0","1","0"
"*061xw*","Joe Worrall","NOT","D","142","W (Thu)","SHU Fri 11:45AM","4.25","4.25","0%","0%","1","88","0","0","0","0","1","0","0","0","0","1","5","0","1","4","0","0","0","2","0"
"*02oox*","Kevin De Bruyne","MCI","M","144","Kish123","NEW Sat 12:00PM","4","4","100%","0%","1","22","0","1","0","0","0","0","0","0","2","0","0","0","0","0","0","0","0","0","0"
"*0520r*","Leandro Trossard","ARS","M","149","Pancake","@CRY Mon 12:00PM","4","4","100%","0%","1","16","0","1","0","0","1","0","0","0","0","0","0","1","0","0","0","0","0","1","0"
"*063y7*","Iyenoma Destiny Udogie","TOT","D","150","Vroom","MUN Sat 9:30AM","4","4","100%","0%","1","90","0","1","0","0","3","0","0","0","0","3","0","0","0","0","0","0","0","2","0"
"*06ex4*","Josko Gvardiol","MCI","D","147","4b. DcbB","NEW Sat 12:00PM","4","4","93%","0%","1","10","0","0","0","0","2","0","0","0","0","0","0","0","0","2","0","0","0","0","0"
"*06c6c*","Elijah Adebayo","LUT","F","143","W (Thu)","","4","4","13%","0%","1","63","0","1","0","0","0","0","0","0","0","1","1","0","0","2","0","0","0","1","0"
"*04xjr*","Harvey Elliott","LIV","M","145","W (Thu)","BOU Sat 7:00AM","4","4","0%","0%","1","12","0","1","0","0","0","0","0","0","0","1","2","1","0","0","0","0","0","0","0"
"*06c4o*","Lyle Foster","BUR","F","146","W (Thu)","","4","4","0%","0%","1","88","0","1","0","0","1","2","0","0","0","0","2","1","0","2","0","0","0","3","0"
"*04fyg*","Zanka","BRF","D","148","W (Thu)","@FUL Sat 7:00AM","4","4","0%","0%","1","5","0","1","0","0","0","0","0","0","1","0","0","0","1","0","0","0","0","0","0"
"*05w9r*","Takehiro Tomiyasu","ARS","D","151","W (Thu)","@CRY Mon 12:00PM","3.75","3.75","13%","0%","1","39","0","0","0","1","0","0","0","0","0","1","3","0","0","2","0","0","0","1","0"
"*067yv*","Cody Gakpo","LIV","F","153","Pancake","BOU Sat 7:00AM","3.5","3.5","100%","0%","1","65","0","1","0","0","1","1","0","0","0","0","2","1","0","0","0","0","0","1","0"
"*04spp*","Douglas Luiz","AVL","M","157","dsb_ff","EVE Sun 6:00AM","3.5","3.5","100%","0%","1","90","0","1","0","1","0","1","1","0","0","1","0","1","0","0","0","0","0","5","0"
"*055sf*","Arnaut Danjuma Groeneveld","EVE","F","152","4b. DcbB","@AVL Sun 6:00AM","3.5","3.5","27%","0%","1","17","0","1","0","0","0","0","0","0","0","1","0","0","0","1","0","0","0","1","0"
"*05w7t*","Pape Sarr","TOT","M","156","W (Thu)","MUN Sat 9:30AM","3.5","3.5","7%","0%","1","14","0","0","0","1","0","0","0","0","0","0","1","0","1","1","0","0","0","0","0"
"*03arh*","Kurt Zouma","WHU","D","158","W (Thu)","CHE Sun 8:30AM","3.5","3.5","7%","0%","1","90","0","0","0","0","0","0","0","0","0","0","10","0","1","2","0","0","0","1","0"
"*06dqv*","Luca Koleosho","BUR","F","154","W (Thu)","","3.5","3.5","0%","0%","1","60","0","2","0","0","0","1","0","0","0","0","0","0","0","0","0","0","0","2","0"
"*02lv9*","James Milner","BHA","M","155","W (Thu)","@WOL Sat 7:00AM","3.5","3.5","0%","0%","1","78","0","0","0","0","2","0","0","0","0","0","0","0","0","1","0","0","0","0","1"
"*04mqu*","Aymeric Laporte","MCI","D","159","W (Thu)","NEW Sat 12:00PM","3.25","3.25","0%","0%","1","10","0","0","0","1","0","0","0","0","0","0","1","0","1","0","0","0","0","0","0"
"*04gw7*","Jadon Sancho","MUN","M","545","avitek","@TOT Sat 9:30AM","3","3","100%","0%","1","21","0","1","0","0","0","0","0","0","0","1","0","0","0","0","0","0","0","0","0"
"*03v9d*","Son Heung-Min","TOT","F","166","deceptiv","MUN Sat 9:30AM","3","3","100%","0%","1","74","0","0","0","1","1","2","0","0","0","0","0","1","0","0","0","0","0","2","0"
"*051k0*","John McGinn","AVL","M","164","W (Thu)","EVE Sun 6:00AM","3","3","53%","0%","1","63","0","1","0","0","0","0","0","0","1","0","0","0","0","0","0","0","0","3","0"
"*06c6i*","Anel Ahmedhodzic","SHU","D","161","Adam","@NOT Fri 11:45AM","3","3","7%","0%","1","90","0","0","0","0","1","2","1","0","0","1","8","1","1","2","0","0","0","1","0"
"*063q8*","Mikkel Damsgaard","BRF","M","162","W (Thu)","@FUL Sat 7:00AM","3","3","7%","0%","1","40","0","0","0","1","0","0","0","0","0","0","0","0","1","0","0","0","0","0","0"
"*068a3*","Danilo","NOT","M","167","W (Thu)","SHU Fri 11:45AM","3","3","7%","0%","1","70","0","0","0","0","1","1","0","0","0","0","1","2","0","1","0","0","0","2","0"
"*052cc*","Billy Gilmour","BHA","M","163","W (Thu)","@WOL Sat 7:00AM","3","3","0%","0%","1","15","0","0","0","1","0","0","0","0","1","0","0","0","0","0","0","0","0","1","0"
"*037mv*","Pelly Ruddock","LUT","M","165","W (Thu)","","3","3","0%","0%","1","87","0","0","0","0","0","0","0","0","0","1","0","0","1","2","0","0","0","3","0"
"*05r9b*","Martin Odegaard","ARS","M","170","avitek","@CRY Mon 12:00PM","2.5","2.5","100%","0%","1","90","0","1","0","0","1","1","0","0","0","0","1","0","0","0","0","0","0","1","0"
"*04qr8*","Diogo Jota","LIV","F","171","Adam","BOU Sat 7:00AM","2.5","2.5","93%","0%","1","65","0","1","0","0","1","0","1","0","0","0","2","1","0","1","0","0","0","1","0"
"*060wh*","Alejandro Garnacho","MUN","M","354","XXX","@TOT Sat 9:30AM","2.5","2.5","80%","0%","1","67","0","0","0","0","1","1","0","0","0","0","0","1","0","0","0","0","0","0","1"
"*03vll*","Michail Antonio","WHU","F","168","W (Thu)","CHE Sun 8:30AM","2.5","2.5","20%","0%","1","77","0","0","0","0","0","3","1","0","0","0","1","3","1","4","0","0","0","0","1"
"*05tr8*","Christian Norgaard","BRF","M","169","Pancake","@FUL Sat 7:00AM","2.5","2.5","20%","0%","1","71","0","0","0","0","0","0","0","0","0","2","2","0","0","1","0","0","0","2","0"
"*02lnx*","Danny Welbeck","BHA","F","172","XXX","@WOL Sat 7:00AM","2.5","2.5","13%","0%","1","77","0","0","0","1","0","1","0","0","0","0","2","1","0","0","0","0","0","0","1"
"*06492*","Sasa Kalajdzic","WOL","F","405","W (Thu)","BHA Sat 7:00AM","2.5","2.5","0%","0%","1","1","0","1","0","0","0","0","0","0","0","0","0","0","0","1","0","0","0","0","0"
"*04tig*","Fabian Schar","NEW","D","175","Maddihat","@MCI Sat 12:00PM","2.25","2.25","100%","0%","1","90","0","0","0","0","0","0","0","0","0","2","5","0","0","1","0","0","0","1","0"
"*02lsa*","Dan Burn","NEW","D","173","dsb_ff","@MCI Sat 12:00PM","2.25","2.25","93%","0%","1","90","0","0","0","0","1","0","0","0","0","1","1","0","1","1","0","0","0","1","0"
"*063e7*","Marcos Senesi","BOU","D","176","W (Thu)","@LIV Sat 7:00AM","2.25","2.25","7%","0%","1","59","0","0","0","0","1","1","0","0","0","1","3","0","1","1","0","0","0","1","0"
"*052cg*","Yasser Larouci","SHU","D","174","W (Thu)","@NOT Fri 11:45AM","2.25","2.25","0%","0%","1","9","0","0","0","0","0","0","0","0","0","2","1","0","0","0","0","0","0","0","0"
"*052cd*","Mason Mount","MUN","M","472","dsb_ff","@TOT Sat 9:30AM","2","2","100%","0%","1","67","0","0","0","0","0","0","0","0","0","1","0","0","0","0","0","0","0","0","1"
"*068a1*","Mykhailo Mudryk","CHE","M","185","Pancake","@WHU Sun 8:30AM","2","2","100%","0%","1","8","0","0","0","0","0","0","0","0","0","0","0","2","0","0","0","0","0","0","0"
"*04yo7*","Youri Tielemans","AVL","M","189","Kish123","EVE Sun 6:00AM","2","2","100%","0%","1","45","0","1","0","0","0","0","0","0","0","0","0","0","0","0","0","0","0","3","0"
"*05gcs*","Sander Berge","BUR","M","180","W (Thu)","","2","2","7%","0%","1","88","0","0","0","0","0","0","0","0","0","0","0","0","1","2","0","0","0","3","0"
"*02lkj*","Jack Robinson","SHU","D","187","W (Thu)","@NOT Fri 11:45AM","2","2","7%","0%","1","79","0","0","0","0","0","0","0","0","0","1","4","0","2","0","0","0","0","1","0"
"*05a6e*","Neco Williams","NOT","D","190","W (Thu)","SHU Fri 11:45AM","2","2","7%","0%","1","17","0","0","0","0","0","2","0","0","0","2","0","1","0","0","0","0","0","0","0"
"*051kg*","Max Aarons","BOU","D","177","W (Thu)","@LIV Sat 7:00AM","2","2","0%","0%","1","74","0","1","0","0","0","0","0","0","0","0","0","2","0","0","0","0","0","1","0"
"*05uel*","Kristoffer Ajer","BRF","D","178","W (Thu)","@FUL Sat 7:00AM","2","2","0%","0%","1","83","0","0","0","0","0","1","0","0","0","1","6","0","1","3","0","0","0","2","0"
"*061vk*","Jaidon Anthony","BOU","F","179","W (Thu)","@LIV Sat 7:00AM","2","2","0%","0%","1","59","0","0","0","0","0","1","0","0","0","1","1","1","0","1","0","0","0","1","0"
"*05u1m*","Nathan Collins","BRF","D","181","W (Thu)","@FUL Sat 7:00AM","2","2","0%","0%","1","90","0","0","0","0","2","0","0","0","0","0","8","0","0","2","0","0","0","2","0"
"*05w91*","Hwang Hee-Chan","WOL","F","399","W (Thu)","BHA Sat 7:00AM","2","2","0%","0%","1","26","0","0","0","0","0","0","0","0","1","0","0","1","0","0","0","0","0","1","0"
"*062cl*","Issa Kabore","LUT","D","182","W (Thu)","","2","2","0%","0%","1","63","0","1","0","0","1","0","1","0","1","2","0","0","0","0","0","0","0","1","0"
"*04io3*","Mario Lemina","WOL","M","423","W (Thu)","BHA Sat 7:00AM","2","2","0%","0%","1","90","0","0","0","0","0","0","1","0","0","3","1","1","0","0","0","0","0","1","0"
"*061y0*","Scott McKenna","NOT","D","183","W (Thu)","SHU Fri 11:45AM","2","2","0%","0%","1","90","0","0","0","0","0","0","0","0","0","2","4","0","0","3","0","0","0","2","0"
"*04civ*","Scott McTominay","MUN","M","459","W (Thu)","@TOT Sat 9:30AM","2","2","0%","0%","1","1","0","0","0","0","1","1","0","0","0","0","0","0","1","1","0","0","0","0","0"
"*04ylt*","Chris Mepham","BOU","D","184","W (Thu)","@LIV Sat 7:00AM","2","2","0%","0%","1","29","0","1","0","0","0","0","1","0","0","1","0","0","1","0","0","0","0","0","0"
"*05yct*","Nathan Patterson","EVE","D","191","W (Thu)","@AVL Sun 6:00AM","1.75","1.75","7%","0%","1","90","0","0","0","0","1","0","0","0","0","1","3","0","0","1","0","0","0","1","0"
"*061x2*","Darwin Nunez","LIV","F","192","Pancake","BOU Sat 7:00AM","1.5","1.5","100%","0%","1","23","0","0","0","0","0","1","0","0","0","0","0","2","0","0","0","0","0","0","0"
"*061y6*","Ryan Yates","NOT","M","193","W (Thu)","SHU Fri 11:45AM","1.5","1.5","0%","0%","1","90","0","0","0","0","0","1","0","0","0","0","0","0","1","2","0","0","0","2","0"
"*061v9*","Diego Carlos","AVL","D","196","W (Thu)","EVE Sun 6:00AM","1.25","1.25","7%","0%","1","25","0","0","0","1","2","0","0","0","0","0","1","0","0","1","0","0","0","2","0"
"*04fk8*","Victor Lindelof","MUN","D","425","W (Thu)","@TOT Sat 9:30AM","1.25","1.25","0%","0%","1","45","0","0","0","0","1","0","0","0","0","0","1","0","0","0","0","0","0","0","0"
"*05ylj*","Bruno Guimaraes","NEW","M","202","Vroom","@MCI Sat 12:00PM","1","1","100%","0%","1","84","0","0","0","1","0","2","1","0","0","0","0","1","1","0","0","0","0","1","0"
"*04fk6*","Bernardo Silva","MCI","M","209","Vroom","NEW Sat 12:00PM","1","1","100%","0%","1","90","0","0","0","0","0","0","0","0","0","0","0","0","0","0","0","0","0","0","1"
"*037mo*","Willian","FUL","F","197","Adam","BRF Sat 7:00AM","1","1","80%","0%","1","45","0","1","0","0","0","0","1","0","0","0","0","1","0","0","0","0","0","0","0"
"*04o82*","Curtis Jones","LIV","M","204","W (Thu)","BOU Sat 7:00AM","1","1","13%","0%","1","23","0","0","0","0","0","2","0","0","0","1","0","1","0","0","0","0","0","0","0"
"*03dxq*","Danny Ings","WHU","F","203","W (Thu)","CHE Sun 8:30AM","1","1","7%","0%","1","11","0","0","0","0","0","0","0","0","0","0","1","1","0","0","0","0","0","1","0"
"*06dwm*","Jacob Bruun Larsen","BUR","F","198","W (Thu)","","1","1","0%","0%","1","28","0","0","0","0","0","0","0","0","0","0","1","0","0","2","0","0","0","1","0"
"*02yhi*","Philippe Coutinho","AVL","M","199","W (Thu)","EVE Sun 6:00AM","1","1","0%","0%","1","2","0","0","0","0","0","0","0","0","0","0","0","1","0","0","0","0","0","1","0"
"*03hff*","Josh Cullen","BUR","M","200","W (Thu)","","1","1","0%","0%","1","90","0","0","0","0","0","0","0","0","1","0","0","0","0","0","0","0","0","3","0"
"*05uog*","Lewis Dobbin","EVE","F","201","W (Thu)","@AVL Sun 6:00AM","1","1","0%","0%","1","6","0","0","0","0","0","0","0","0","0","1","0","0","0","0","0","0","0","0","0"
"*063zh*","Thilo Kehrer","WHU","D","205","W (Thu)","CHE Sun 8:30AM","1","1","0%","0%","1","3","0","0","0","0","0","0","0","0","0","0","0","0","0","1","0","0","0","0","0"
"*03eki*","Cheikhou Kouyate","NOT","M","206","W (Thu)","SHU Fri 11:45AM","1","1","0%","0%","1","1","0","0","0","0","0","0","0","0","0","0","0","0","1","0","0","0","0","0","0"
"*05tr5*","Mads Roerslev","BRF","D","207","W (Thu)","@FUL Sat 7:00AM","1","1","0%","0%","1","17","0","0","0","0","1","0","0","0","0","0","0","0","0","0","0","0","0","0","0"
"*06eo0*","Lesley Ugochukwu","CHE","F","208","W (Thu)","@WHU Sun 8:30AM","1","1","0%","0%","1","1","0","0","0","0","0","0","0","0","0","0","1","0","1","0","0","0","0","0","0"
"*04kj7*","Serge Aurier","NOT","D","210","W (Thu)","SHU Fri 11:45AM","0.75","0.75","0%","0%","1","90","0","0","0","0","2","1","0","0","0","1","1","0","0","2","0","0","0","2","0"
"*06clt*","Justin Kluivert","BOU","M","215","Adam","@LIV Sat 7:00AM","0.5","0.5","73%","0%","1","29","0","0","0","0","0","1","0","0","0","1","0","0","0","0","0","0","0","0","0"
"*06c6a*","Alfie Doughty","LUT","M","213","W (Thu)","","0.5","0.5","27%","0%","1","25","0","0","0","0","0","0","0","0","0","0","1","0","0","1","0","0","0","3","0"
"*067zv*","Kevin Schade","BRF","M","220","Maddihat","@FUL Sat 7:00AM","0.5","0.5","20%","0%","1","17","0","0","0","0","0","0","0","0","0","0","0","0","0","1","0","0","0","0","0"
"*051kz*","George Baldock","SHU","D","211","W (Thu)","@NOT Fri 11:45AM","0.5","0.5","7%","0%","1","90","0","0","0","0","2","2","0","0","0","0","2","1","0","0","0","0","0","1","0"
"*052cb*","Ian Maatsen","CHE","D","216","4b. DcbB","@WHU Sun 8:30AM","0.5","0.5","7%","0%","1","8","0","0","0","0","1","1","0","0","0","0","0","0","0","0","0","0","0","0","0"
"*0328q*","Tom Cairney","FUL","M","212","W (Thu)","BRF Sat 7:00AM","0.5","0.5","0%","0%","1","57","0","1","0","0","0","4","0","0","0","0","0","0","0","1","0","0","0","0","0"
"*061vb*","James Hill","BOU","D","214","W (Thu)","@LIV Sat 7:00AM","0.5","0.5","0%","0%","1","14","0","0","0","0","0","1","0","0","0","0","0","0","0","1","0","0","0","0","0"
"*0637b*","Orel Mangala","NOT","M","217","W (Thu)","SHU Fri 11:45AM","0.5","0.5","0%","0%","1","88","0","1","0","0","0","3","1","0","0","1","0","0","1","0","0","0","0","2","0"
"*061vj*","Kieffer Moore","BOU","F","218","W (Thu)","@LIV Sat 7:00AM","0.5","0.5","0%","0%","1","22","0","0","0","0","0","0","0","0","0","0","0","0","0","1","0","0","0","0","0"
"*05ou8*","Facundo Pellistri","MUN","M","511","W (Thu)","@TOT Sat 9:30AM","0.5","0.5","0%","0%","1","12","0","0","0","0","0","0","0","0","0","0","2","0","0","1","0","0","0","0","0"
"*04jyc*","Davinson Sanchez","TOT","D","219","W (Thu)","MUN Sat 9:30AM","0.5","0.5","0%","0%","1","75","0","0","0","0","0","0","1","0","0","1","2","0","2","3","0","0","0","2","0"
"*06dmj*","Jurrien Timber","ARS","D","223","Vroom","@CRY Mon 12:00PM","0.25","0.25","100%","0%","1","49","0","0","0","0","1","0","1","0","0","0","1","0","0","1","0","0","0","0","0"
"*05nzu*","Gabriel Magalhaes","ARS","D","224","dsb_ff","@CRY Mon 12:00PM","0.25","0.25","100%","0%","1","3","0","0","0","0","0","0","0","0","0","0","1","0","0","0","0","0","0","0","0"
"*03rec*","Tyrone Mings","AVL","D","221","W (Thu)","EVE Sun 6:00AM","0.25","0.25","40%","0%","1","30","0","1","0","0","0","0","0","0","0","1","1","0","0","1","0","0","0","2","0"
"*05rb8*","Moises Caicedo","CHE","M","278","W (Thu)","@WHU Sun 8:30AM","0","0","100%","0%","0","0","0","0","0","0","0","0","0","0","0","0","0","0","0","0","0","0","0","0","0"
"*04qfz*","Diogo Dalot","MUN","D","307","4b. DcbB","@TOT Sat 9:30AM","0","0","100%","0%","0","0","0","0","0","0","0","0","0","0","0","0","0","0","0","0","0","0","0","0","0"
"*05omu*","Ruben Dias","MCI","D","355","W (Thu)","NEW Sat 12:00PM","0","0","100%","0%","0","0","0","0","0","0","0","0","0","0","0","0","0","0","0","0","0","0","0","0","0"
"*02lm7*","Jack Grealish","MCI","M","368","Pancake","NEW Sat 12:00PM","0","0","100%","0%","0","0","0","0","0","0","0","0","0","0","0","0","0","0","0","0","0","0","0","0","0"
"*06exb*","Rasmus Hojlund","MUN","F","391","Maddihat","@TOT Sat 9:30AM","0","0","100%","0%","0","0","0","0","0","0","0","0","0","0","0","0","0","0","0","0","0","0","0","0","0"
"*03dx7*","Ben Mee","BRF","D","461","XXX","@FUL Sat 7:00AM","0","0","100%","0%","0","0","0","0","0","0","0","0","0","0","0","0","0","0","0","0","0","0","0","0","0"
"*05n07*","Pedro Porro","TOT","D","521","dsb_ff","MUN Sat 9:30AM","0","0","100%","0%","0","0","0","0","0","0","0","0","0","0","0","0","0","0","0","0","0","0","0","0","0"
"*02yl5*","John Stones","MCI","D","565","4b. DcbB","NEW Sat 12:00PM","0","0","100%","0%","0","0","0","0","0","0","0","0","0","0","0","0","0","0","0","0","0","0","0","0","0"
"*045c8*","Gabriel Jesus","ARS","F","608","Adam","@CRY Mon 12:00PM","0","0","100%","0%","0","0","0","0","0","0","0","0","0","0","0","0","0","0","0","0","0","0","0","0","0"
"*061xs*","Julio Enciso","BHA","F","333","deceptiv","@WOL Sat 7:00AM","0","0","93%","0%","1","1","0","0","0","0","0","0","0","0","0","0","0","0","0","0","0","0","0","0","0"
"*0687b*","Alex Moreno","AVL","D","471","Vroom","EVE Sun 6:00AM","0","0","93%","0%","0","0","0","0","0","0","0","0","0","0","0","0","0","0","0","0","0","0","0","0","0"
"*05u94*","Michael Olise","CRY","M","495","avitek","ARS Mon 12:00PM","0","0","93%","0%","0","0","0","0","0","0","0","0","0","0","0","0","0","0","0","0","0","0","0","0","0"
"*051k3*","Jacob Ramsey","AVL","M","528","avitek","EVE Sun 6:00AM","0","0","93%","0%","0","0","0","0","0","0","0","0","0","0","0","0","0","0","0","0","0","0","0","0","0"
"*049tq*","Dominic Calvert-Lewin","EVE","F","279","avitek","@AVL Sun 6:00AM","0","0","87%","0%","0","0","0","0","0","0","0","0","0","0","0","0","0","0","0","0","0","0","0","0","0"
"*05gcx*","Josh Brownhill","BUR","M","271","Maddihat","","0","0","80%","0%","1","1","0","0","0","0","0","0","0","0","0","0","0","0","0","0","0","0","0","0","0"
"*04p0d*","Dwight McNeil","EVE","M","457","deceptiv","@AVL Sun 6:00AM","0","0","80%","0%","0","0","0","0","0","0","0","0","0","0","0","0","0","0","0","0","0","0","0","0","0"
"*043c1*","Oleksandr Zinchenko","ARS","D","604","Pancake","@CRY Mon 12:00PM","0","0","80%","0%","0","0","0","0","0","0","0","0","0","0","0","0","0","0","0","0","0","0","0","0","0"
"*037wp*","Christian Eriksen","MUN","M","334","Kish123","@TOT Sat 9:30AM","0","0","73%","0%","1","21","0","0","0","0","0","0","0","0","0","0","0","0","0","0","0","0","0","0","0"
"*06cm0*","Christopher Nkunku","CHE","F","485","Vroom","@WHU Sun 8:30AM","0","0","67%","0%","0","0","0","0","0","0","0","0","0","0","0","0","0","0","0","0","0","0","0","0","0"
"*068n8*","Noni Madueke","CHE","F","436","XXX","@WHU Sun 8:30AM","0","0","60%","0%","0","0","0","0","0","0","0","0","0","0","0","0","0","0","0","0","0","0","0","0","0"
"*068yr*","Hamed Traore","BOU","M","580","XXX","@LIV Sat 7:00AM","0","0","60%","0%","0","0","0","0","0","0","0","0","0","0","0","0","0","0","0","0","0","0","0","0","0"
"*02m11*","Matt Doherty","WOL","D","322","W (Thu)","BHA Sat 7:00AM","0","0","53%","0%","0","0","0","0","0","0","0","0","0","0","0","0","0","0","0","0","0","0","0","0","0"
"*03v6w*","Ivan Toney","BRF","F","576","XXX","@FUL Sat 7:00AM","0","0","53%","0%","0","0","0","0","0","0","0","0","0","0","0","0","0","0","0","0","0","0","0","0","0"
"*051kl*","Emiliano Buendia","AVL","M","272","W (Thu)","EVE Sun 6:00AM","0","0","40%","0%","0","0","0","0","0","0","0","0","0","0","0","0","0","0","0","0","0","0","0","0","0"
"*03ena*","Aaron Cresswell","WHU","D","305","W (Thu)","CHE Sun 8:30AM","0","0","40%","0%","0","0","0","0","0","0","0","0","0","0","0","0","0","0","0","0","0","0","0","0","0"
"*068lx*","Dango Ouattara","BOU","F","504","W (Thu)","@LIV Sat 7:00AM","0","0","40%","0%","0","0","0","0","0","0","0","0","0","0","0","0","0","0","0","0","0","0","0","0","0"
"*02lol*","Harry Kane","TOT","F","407","W (Thu)","MUN Sat 9:30AM","0","0","33%","0%","0","0","0","0","0","0","0","0","0","0","0","0","0","0","0","0","0","0","0","0","0"
"*0570n*","Joao Cancelo","MCI","D","289","W (Thu)","NEW Sat 12:00PM","0","0","27%","0%","0","0","0","0","0","0","0","0","0","0","0","0","0","0","0","0","0","0","0","0","0"
"*03yq8*","Demarai Gray","EVE","M","367","W (Thu)","@AVL Sun 6:00AM","0","0","27%","0%","0","0","0","0","0","0","0","0","0","0","0","0","0","0","0","0","0","0","0","0","0"
"*04ge6*","Joe Willock","NEW","M","599","XXX","@MCI Sat 12:00PM","0","0","27%","0%","0","0","0","0","0","0","0","0","0","0","0","0","0","0","0","0","0","0","0","0","0"
"*05opn*","Carlos Vinicius","FUL","F","233","W (Thu)","BRF Sat 7:00AM","0","0","20%","0%","0","0","0","0","0","0","0","0","0","0","0","0","0","0","0","0","0","0","0","0","0"
"*05y9n*","Lewis Hall","CHE","D","377","Adam","@WHU Sun 8:30AM","0","0","20%","0%","0","0","0","0","0","0","0","0","0","0","0","0","0","0","0","0","0","0","0","0","0"
"*062dt*","Joao Palhinha","FUL","M","429","W (Thu)","BRF Sat 7:00AM","0","0","20%","0%","0","0","0","0","0","0","0","0","0","0","0","0","0","0","0","0","0","0","0","0","0"
"*06c4p*","Benson Manuel","BUR","F","442","W (Thu)","","0","0","20%","0%","1","15","0","0","0","0","0","0","0","0","0","0","0","0","0","0","0","0","0","1","0"
"*05ylw*","Rodrigo Bentancur","TOT","M","257","W (Thu)","MUN Sat 9:30AM","0","0","13%","0%","0","0","0","0","0","0","0","0","0","0","0","0","0","0","0","0","0","0","0","0","0"
"*05w9i*","Marc Cucurella","CHE","D","306","W (Thu)","@WHU Sun 8:30AM","0","0","13%","0%","0","0","0","0","0","0","0","0","0","0","0","0","0","0","0","0","0","0","0","0","0"
"*043qz*","Pierre-Emile Hojbjerg","TOT","M","390","W (Thu)","MUN Sat 9:30AM","0","0","13%","0%","0","0","0","0","0","0","0","0","0","0","0","0","0","0","0","0","0","0","0","0","0"
"*0574a*","Giovani Lo Celso","TOT","M","428","Vroom","MUN Sat 9:30AM","0","0","13%","0%","0","0","0","0","0","0","0","0","0","0","0","0","0","0","0","0","0","0","0","0","0"
"*03gu4*","Harry Maguire","MUN","D","437","avitek","@TOT Sat 9:30AM","0","0","13%","0%","0","0","0","0","0","0","0","0","0","0","0","0","0","0","0","0","0","0","0","0","0"
"*03vlm*","Anthony Martial","MUN","F","444","W (Thu)","@TOT Sat 9:30AM","0","0","13%","0%","0","0","0","0","0","0","0","0","0","0","0","0","0","0","0","0","0","0","0","0","0"
"*0477b*","Oliver McBurnie","SHU","F","453","W (Thu)","@NOT Fri 11:45AM","0","0","13%","0%","0","0","0","0","0","0","0","0","0","0","0","0","0","0","0","0","0","0","0","0","0"
"*0639x*","Marcus Tavernier","BOU","M","571","4b. DcbB","@LIV Sat 7:00AM","0","0","13%","0%","0","0","0","0","0","0","0","0","0","0","0","0","0","0","0","0","0","0","0","0","0"
"*068yj*","Felipe","NOT","D","606","W (Thu)","SHU Fri 11:45AM","0","0","13%","0%","0","0","0","0","0","0","0","0","0","0","0","0","0","0","0","0","0","0","0","0","0"
"*05oh2*","Thiago Alcantara","LIV","M","229","W (Thu)","BOU Sat 7:00AM","0","0","7%","0%","0","0","0","0","0","0","0","0","0","0","0","0","0","0","0","0","0","0","0","0","0"
"*06f81*","Edson Alvarez","WHU","M","232","W (Thu)","CHE Sun 8:30AM","0","0","7%","0%","0","0","0","0","0","0","0","0","0","0","0","0","0","0","0","0","0","0","0","0","0"
"*05opj*","Elliot Anderson","NEW","M","239","W (Thu)","@MCI Sat 12:00PM","0","0","7%","0%","1","1","0","0","0","0","0","0","0","0","0","0","1","0","0","0","0","0","0","0","0"
"*02lpf*","Ross Barkley","LUT","M","251","W (Thu)","","0","0","7%","0%","0","0","0","0","0","0","0","0","0","0","0","0","0","0","0","0","0","0","0","0","0"
"*067yu*","Facundo Buonanotte","BHA","M","274","W (Thu)","@WOL Sat 7:00AM","0","0","7%","0%","0","0","0","0","0","0","0","0","0","0","0","0","0","0","0","0","0","0","0","0","0"
"*04mup*","Trevoh Chalobah","CHE","D","291","W (Thu)","@WHU Sun 8:30AM","0","0","7%","0%","0","0","0","0","0","0","0","0","0","0","0","0","0","0","0","0","0","0","0","0","0"
"*04spy*","Mason Greenwood","MUN","F","370","W (Thu)","@TOT Sat 9:30AM","0","0","7%","0%","0","0","0","0","0","0","0","0","0","0","0","0","0","0","0","0","0","0","0","0","0"
"*06clz*","Malo Gusto","CHE","D","374","W (Thu)","@WHU Sun 8:30AM","0","0","7%","0%","1","13","0","0","0","0","0","0","0","0","0","0","0","0","0","0","0","0","0","0","0"
"*06378*","Isak Hansen-Aaroen","MUN","M","379","W (Thu)","@TOT Sat 9:30AM","0","0","7%","0%","0","0","0","0","0","0","0","0","0","0","0","0","0","0","0","0","0","0","0","0","0"
"*05s08*","Valentino Livramento","NEW","D","426","W (Thu)","@MCI Sat 12:00PM","0","0","7%","0%","0","0","0","0","0","0","0","0","0","0","0","0","0","0","0","0","0","0","0","0","0"
"*05ybq*","Vitalii Mykolenko","EVE","D","478","W (Thu)","@AVL Sun 6:00AM","0","0","7%","0%","0","0","0","0","0","0","0","0","0","0","0","0","0","0","0","0","0","0","0","0","0"
"*04ge8*","Reiss Nelson","ARS","F","482","W (Thu)","@CRY Mon 12:00PM","0","0","7%","0%","0","0","0","0","0","0","0","0","0","0","0","0","0","0","0","0","0","0","0","0","0"
"*05l8q*","Cole Palmer","MCI","M","506","W (Thu)","NEW Sat 12:00PM","0","0","7%","0%","1","9","0","0","0","0","0","0","0","0","0","0","0","0","0","0","0","0","0","0","0"
"*02rll*","Nathan Redmond","BUR","M","533","W (Thu)","","0","0","7%","0%","1","1","0","0","0","0","0","0","0","0","0","0","0","0","0","0","0","0","0","0","0"
"*04sat*","Emile Smith Rowe","ARS","M","557","W (Thu)","@CRY Mon 12:00PM","0","0","7%","0%","0","0","0","0","0","0","0","0","0","0","0","0","0","0","0","0","0","0","0","0","0"
"*05749*","Kieran Tierney","ARS","D","573","W (Thu)","@CRY Mon 12:00PM","0","0","7%","0%","0","0","0","0","0","0","0","0","0","0","0","0","0","0","0","0","0","0","0","0","0"
"*03yeg*","Tosin Adarabioyo","FUL","D","225","W (Thu)","BRF Sat 7:00AM","0","0","0%","0%","0","0","0","0","0","0","0","0","0","0","0","0","0","0","0","0","0","0","0","0","0"
"*06cly*","Enock Agyei","BUR","F","226","W (Thu)","","0","0","0%","0%","0","0","0","0","0","0","0","0","0","0","0","0","0","0","0","0","0","0","0","0","0"
"*068ys*","Naouirou Ahamada","CRY","M","227","W (Thu)","ARS Mon 12:00PM","0","0","0%","0%","0","0","0","0","0","0","0","0","0","0","0","0","0","0","0","0","0","0","0","0","0"
"*06ewt*","Sonny Aljofree","MUN","D","230","W (Thu)","@TOT Sat 9:30AM","0","0","0%","0%","0","0","0","0","0","0","0","0","0","0","0","0","0","0","0","0","0","0","0","0","0"
"*03mml*","Dele Alli","EVE","M","231","W (Thu)","@AVL Sun 6:00AM","0","0","0%","0%","0","0","0","0","0","0","0","0","0","0","0","0","0","0","0","0","0","0","0","0","0"
"*03r9c*","Cedric Soares","ARS","D","234","W (Thu)","@CRY Mon 12:00PM","0","0","0%","0%","0","0","0","0","0","0","0","0","0","0","0","0","0","0","0","0","0","0","0","0","0"
"*058vf*","Steven Alzate","BHA","M","235","W (Thu)","@WOL Sat 7:00AM","0","0","0%","0%","0","0","0","0","0","0","0","0","0","0","0","0","0","0","0","0","0","0","0","0","0"
"*06ewp*","Samuel Amissah","FUL","D","237","W (Thu)","BRF Sat 7:00AM","0","0","0%","0%","0","0","0","0","0","0","0","0","0","0","0","0","0","0","0","0","0","0","0","0","0"
"*058vb*","Cameron Archer","AVL","F","240","W (Thu)","EVE Sun 6:00AM","0","0","0%","0%","0","0","0","0","0","0","0","0","0","0","0","0","0","0","0","0","0","0","0","0","0"
"*03r8p*","Harry Arter","NOT","M","242","W (Thu)","SHU Fri 11:45AM","0","0","0%","0%","0","0","0","0","0","0","0","0","0","0","0","0","0","0","0","0","0","0","0","0","0"
"*068yc*","Yasin Ayari","BHA","M","244","W (Thu)","@WOL Sat 7:00AM","0","0","0%","0%","0","0","0","0","0","0","0","0","0","0","0","0","0","0","0","0","0","0","0","0","0"
"*06804*","Benoit Badiashile","CHE","D","245","W (Thu)","@WHU Sun 8:30AM","0","0","0%","0%","0","0","0","0","0","0","0","0","0","0","0","0","0","0","0","0","0","0","0","0","0"
"*0435u*","Eric Bailly","MUN","D","246","W (Thu)","@TOT Sat 9:30AM","0","0","0%","0%","0","0","0","0","0","0","0","0","0","0","0","0","0","0","0","0","0","0","0","0","0"
"*062p0*","Stefan Bajcetic","LIV","M","247","W (Thu)","BOU Sat 7:00AM","0","0","0%","0%","0","0","0","0","0","0","0","0","0","0","0","0","0","0","0","0","0","0","0","0","0"
"*059iq*","Folarin Balogun","ARS","F","249","W (Thu)","@CRY Mon 12:00PM","0","0","0%","0%","0","0","0","0","0","0","0","0","0","0","0","0","0","0","0","0","0","0","0","0","0"
"*05trd*","Shandon Baptiste","BRF","M","250","W (Thu)","@FUL Sat 7:00AM","0","0","0%","0%","1","17","0","0","0","0","0","0","0","0","0","0","1","0","0","0","0","0","0","0","0"
"*0554g*","Calvin Bassey","FUL","D","252","Maddihat","BRF Sat 7:00AM","0","0","0%","0%","0","0","0","0","0","0","0","0","0","0","0","0","0","0","0","0","0","0","0","0","0"
"*06c4m*","Samuel Bastien","BUR","M","253","W (Thu)","","0","0","0%","0%","0","0","0","0","0","0","0","0","0","0","0","0","0","0","0","0","0","0","0","0","0"
"*05tr4*","Mads Bech Sorensen","BRF","D","255","W (Thu)","@FUL Sat 7:00AM","0","0","0%","0%","0","0","0","0","0","0","0","0","0","0","0","0","0","0","0","0","0","0","0","0","0"
"*066rl*","Rhys Bennett","MUN","D","256","W (Thu)","@TOT Sat 9:30AM","0","0","0%","0%","0","0","0","0","0","0","0","0","0","0","0","0","0","0","0","0","0","0","0","0","0"
"*06c62*","Luke Berry","LUT","M","260","W (Thu)","","0","0","0%","0%","1","1","0","0","0","0","0","0","0","0","0","0","0","0","0","0","0","0","0","1","0"
"*062dp*","Giulian Biancone","NOT","D","262","W (Thu)","SHU Fri 11:45AM","0","0","0%","0%","0","0","0","0","0","0","0","0","0","0","0","0","0","0","0","0","0","0","0","0","0"
"*05o8o*","Jayden Bogle","SHU","D","263","W (Thu)","@NOT Fri 11:45AM","0","0","0%","0%","0","0","0","0","0","0","0","0","0","0","0","0","0","0","0","0","0","0","0","0","0"
"*05l27*","Jarrad Branthwaite","EVE","D","267","W (Thu)","@AVL Sun 6:00AM","0","0","0%","0%","0","0","0","0","0","0","0","0","0","0","0","0","0","0","0","0","0","0","0","0","0"
"*04c3c*","Rhian Brewster","SHU","F","268","W (Thu)","@NOT Fri 11:45AM","0","0","0%","0%","0","0","0","0","0","0","0","0","0","0","0","0","0","0","0","0","0","0","0","0","0"
"*05gvx*","Armando Broja","CHE","F","269","W (Thu)","@WHU Sun 8:30AM","0","0","0%","0%","0","0","0","0","0","0","0","0","0","0","0","0","0","0","0","0","0","0","0","0","0"
"*06c6n*","Andre Brooks","SHU","M","270","W (Thu)","@NOT Fri 11:45AM","0","0","0%","0%","1","2","0","0","0","0","0","0","0","0","0","0","0","0","0","0","0","0","0","0","0"
"*03amm*","Reece Burke","LUT","D","275","W (Thu)","","0","0","0%","0%","0","0","0","0","0","0","0","0","0","0","0","0","0","0","0","0","0","0","0","0","0"
"*066sm*","Mason Burstow","CHE","F","276","W (Thu)","@WHU Sun 8:30AM","0","0","0%","0%","0","0","0","0","0","0","0","0","0","0","0","0","0","0","0","0","0","0","0","0","0"
"*05tra*","Emiliano Marcondes Camargo Hansen","BOU","M","280","W (Thu)","@LIV Sat 7:00AM","0","0","0%","0%","0","0","0","0","0","0","0","0","0","0","0","0","0","0","0","0","0","0","0","0","0"
"*06c65*","Allan Campbell","LUT","M","281","W (Thu)","","0","0","0%","0%","0","0","0","0","0","0","0","0","0","0","0","0","0","0","0","0","0","0","0","0","0"
"*066ni*","Thomas Cannon","EVE","F","282","W (Thu)","@AVL Sun 6:00AM","0","0","0%","0%","0","0","0","0","0","0","0","0","0","0","0","0","0","0","0","0","0","0","0","0","0"
"*0411y*","Sergi Canos","BRF","F","283","W (Thu)","@FUL Sat 7:00AM","0","0","0%","0%","0","0","0","0","0","0","0","0","0","0","0","0","0","0","0","0","0","0","0","0","0"
"*06exg*","Nathan Carlyon","NEW","M","284","W (Thu)","@MCI Sat 12:00PM","0","0","0%","0%","0","0","0","0","0","0","0","0","0","0","0","0","0","0","0","0","0","0","0","0","0"
"*05gcq*","Daniel Podence","WOL","F","287","W (Thu)","BHA Sat 7:00AM","0","0","0%","0%","0","0","0","0","0","0","0","0","0","0","0","0","0","0","0","0","0","0","0","0","0"
"*04tcc*","Jonny","WOL","D","288","W (Thu)","BHA Sat 7:00AM","0","0","0%","0%","0","0","0","0","0","0","0","0","0","0","0","0","0","0","0","0","0","0","0","0","0"
"*056ix*","Bruno Jordao","WOL","M","290","W (Thu)","BHA Sat 7:00AM","0","0","0%","0%","0","0","0","0","0","0","0","0","0","0","0","0","0","0","0","0","0","0","0","0","0"
"*02t1j*","Calum Chambers","AVL","D","292","W (Thu)","EVE Sun 6:00AM","0","0","0%","0%","0","0","0","0","0","0","0","0","0","0","0","0","0","0","0","0","0","0","0","0","0"
"*04spx*","Tahith Chong","LUT","M","293","W (Thu)","","0","0","0%","0%","1","87","0","0","0","0","1","4","0","0","0","1","0","0","0","0","0","0","0","3","0"
"*06c4r*","Darko Churlinov","BUR","F","294","W (Thu)","","0","0","0%","0%","0","0","0","0","0","0","0","0","0","0","0","0","0","0","0","0","0","0","0","0","0"
"*06c63*","Jordan Clark","LUT","M","295","W (Thu)","","0","0","0%","0%","0","0","0","0","0","0","0","0","0","0","0","0","0","0","0","0","0","0","0","0","0"
"*02t1k*","Nathaniel Clyne","CRY","D","296","W (Thu)","ARS Mon 12:00PM","0","0","0%","0%","0","0","0","0","0","0","0","0","0","0","0","0","0","0","0","0","0","0","0","0","0"
"*02lpl*","Seamus Coleman","EVE","D","297","W (Thu)","@AVL Sun 6:00AM","0","0","0%","0%","0","0","0","0","0","0","0","0","0","0","0","0","0","0","0","0","0","0","0","0","0"
"*06crn*","Toby Collyer","MUN","M","298","W (Thu)","@TOT Sat 9:30AM","0","0","0%","0%","0","0","0","0","0","0","0","0","0","0","0","0","0","0","0","0","0","0","0","0","0"
"*043qy*","Lewis Cook","BOU","M","299","W (Thu)","@LIV Sat 7:00AM","0","0","0%","0%","0","0","0","0","0","0","0","0","0","0","0","0","0","0","0","0","0","0","0","0","0"
"*02opl*","Jack Cork","BUR","M","300","W (Thu)","","0","0","0%","0%","0","0","0","0","0","0","0","0","0","0","0","0","0","0","0","0","0","0","0","0","0"
"*05w90*","Maxwel Cornet","WHU","M","301","W (Thu)","CHE Sun 8:30AM","0","0","0%","0%","1","1","0","0","0","0","0","0","0","0","0","0","0","0","0","0","0","0","0","0","0"
"*060y3*","Dara Costelloe","BUR","F","302","W (Thu)","","0","0","0%","0%","0","0","0","0","0","0","0","0","0","0","0","0","0","0","0","0","0","0","0","0","0"
"*06c6l*","Ismaila Coulibaly","SHU","M","303","W (Thu)","@NOT Fri 11:45AM","0","0","0%","0%","0","0","0","0","0","0","0","0","0","0","0","0","0","0","0","0","0","0","0","0","0"
"*04xjt*","Conor Coventry","WHU","M","304","W (Thu)","CHE Sun 8:30AM","0","0","0%","0%","0","0","0","0","0","0","0","0","0","0","0","0","0","0","0","0","0","0","0","0","0"
"*048xg*","Josh Dasilva","BRF","M","308","W (Thu)","@FUL Sat 7:00AM","0","0","0%","0%","0","0","0","0","0","0","0","0","0","0","0","0","0","0","0","0","0","0","0","0","0"
"*02oo1*","Ben Davies","TOT","D","310","W (Thu)","MUN Sat 9:30AM","0","0","0%","0%","0","0","0","0","0","0","0","0","0","0","0","0","0","0","0","0","0","0","0","0","0"
"*03yuo*","Keinan Davis","AVL","F","311","W (Thu)","EVE Sun 6:00AM","0","0","0%","0%","0","0","0","0","0","0","0","0","0","0","0","0","0","0","0","0","0","0","0","0","0"
"*06ewn*","Luc De Fougerolles","FUL","D","313","W (Thu)","BRF Sat 7:00AM","0","0","0%","0%","0","0","0","0","0","0","0","0","0","0","0","0","0","0","0","0","0","0","0","0","0"
"*04u6i*","Leander Dendoncker","AVL","M","314","W (Thu)","EVE Sun 6:00AM","0","0","0%","0%","0","0","0","0","0","0","0","0","0","0","0","0","0","0","0","0","0","0","0","0","0"
"*05tz8*","Emmanuel Dennis","NOT","F","315","W (Thu)","SHU Fri 11:45AM","0","0","0%","0%","0","0","0","0","0","0","0","0","0","0","0","0","0","0","0","0","0","0","0","0","0"
"*05r34*","Amad Diallo","MUN","F","316","W (Thu)","@TOT Sat 9:30AM","0","0","0%","0%","0","0","0","0","0","0","0","0","0","0","0","0","0","0","0","0","0","0","0","0","0"
"*06exh*","Amadou Diallo","NEW","F","317","W (Thu)","@MCI Sat 12:00PM","0","0","0%","0%","0","0","0","0","0","0","0","0","0","0","0","0","0","0","0","0","0","0","0","0","0"
"*06bdb*","Matthew Dibley-Dias","FUL","M","318","W (Thu)","BRF Sat 7:00AM","0","0","0%","0%","0","0","0","0","0","0","0","0","0","0","0","0","0","0","0","0","0","0","0","0","0"
"*02lpn*","Eric Dier","TOT","D","319","W (Thu)","MUN Sat 9:30AM","0","0","0%","0%","0","0","0","0","0","0","0","0","0","0","0","0","0","0","0","0","0","0","0","0","0"
"*066nn*","Ben Doak","LIV","F","320","W (Thu)","BOU Sat 7:00AM","0","0","0%","0%","1","12","0","0","0","0","0","0","0","0","0","0","0","0","0","0","0","0","0","0","0"
"*05ux0*","Owen Dodgson","BUR","D","321","W (Thu)","","0","0","0%","0%","0","0","0","0","0","0","0","0","0","0","0","0","0","0","0","0","0","0","0","0","0"
"*062hb*","Flynn Downes","WHU","M","323","W (Thu)","CHE Sun 8:30AM","0","0","0%","0%","0","0","0","0","0","0","0","0","0","0","0","0","0","0","0","0","0","0","0","0","0"
"*06f2e*","Mohamed Drager","NOT","D","324","W (Thu)","SHU Fri 11:45AM","0","0","0%","0%","0","0","0","0","0","0","0","0","0","0","0","0","0","0","0","0","0","0","0","0","0"
"*032f5*","Paul Dummett","NEW","D","326","W (Thu)","@MCI Sat 12:00PM","0","0","0%","0%","0","0","0","0","0","0","0","0","0","0","0","0","0","0","0","0","0","0","0","0","0"
"*068se*","Jhon Duran","AVL","F","327","W (Thu)","EVE Sun 6:00AM","0","0","0%","0%","0","0","0","0","0","0","0","0","0","0","0","0","0","0","0","0","0","0","0","0","0"
"*062ck*","Malcolm Ebiowei","CRY","M","328","W (Thu)","ARS Mon 12:00PM","0","0","0%","0%","0","0","0","0","0","0","0","0","0","0","0","0","0","0","0","0","0","0","0","0","0"
"*05uho*","CJ Egan-Riley","BUR","D","329","W (Thu)","","0","0","0%","0%","0","0","0","0","0","0","0","0","0","0","0","0","0","0","0","0","0","0","0","0","0"
"*06c4h*","Hjalmar Ekdal","BUR","D","330","W (Thu)","","0","0","0%","0%","0","0","0","0","0","0","0","0","0","0","0","0","0","0","0","0","0","0","0","0","0"
"*03yrr*","Mohamed Elneny","ARS","M","331","W (Thu)","@CRY Mon 12:00PM","0","0","0%","0%","0","0","0","0","0","0","0","0","0","0","0","0","0","0","0","0","0","0","0","0","0"
"*066rp*","Noam Emeran","MUN","F","332","W (Thu)","@TOT Sat 9:30AM","0","0","0%","0%","0","0","0","0","0","0","0","0","0","0","0","0","0","0","0","0","0","0","0","0","0"
"*02ln2*","Jonny Evans","MUN","D","335","W (Thu)","@TOT Sat 9:30AM","0","0","0%","0%","0","0","0","0","0","0","0","0","0","0","0","0","0","0","0","0","0","0","0","0","0"
"*04mf8*","Nathan Ferguson","CRY","D","337","W (Thu)","ARS Mon 12:00PM","0","0","0%","0%","0","0","0","0","0","0","0","0","0","0","0","0","0","0","0","0","0","0","0","0","0"
"*060yz*","Alvaro Fernandez","MUN","D","338","W (Thu)","@TOT Sat 9:30AM","0","0","0%","0%","0","0","0","0","0","0","0","0","0","0","0","0","0","0","0","0","0","0","0","0","0"
"*051l5*","John Fleck","SHU","M","339","W (Thu)","@NOT Fri 11:45AM","0","0","0%","0%","0","0","0","0","0","0","0","0","0","0","0","0","0","0","0","0","0","0","0","0","0"
"*05opl*","Wesley Fofana","CHE","D","340","W (Thu)","@WHU Sun 8:30AM","0","0","0%","0%","0","0","0","0","0","0","0","0","0","0","0","0","0","0","0","0","0","0","0","0","0"
"*06cro*","Omari Forson","MUN","M","341","W (Thu)","@TOT Sat 9:30AM","0","0","0%","0%","0","0","0","0","0","0","0","0","0","0","0","0","0","0","0","0","0","0","0","0","0"
"*06exa*","Matheus Franca","CRY","F","343","W (Thu)","ARS Mon 12:00PM","0","0","0%","0%","0","0","0","0","0","0","0","0","0","0","0","0","0","0","0","0","0","0","0","0","0"
"*06cm3*","Aidan Francis-Clarke","LUT","D","345","W (Thu)","","0","0","0%","0%","0","0","0","0","0","0","0","0","0","0","0","0","0","0","0","0","0","0","0","0","0"
"*04shz*","Tyrese Francois","FUL","M","346","W (Thu)","BRF Sat 7:00AM","0","0","0%","0%","0","0","0","0","0","0","0","0","0","0","0","0","0","0","0","0","0","0","0","0","0"
"*03r8r*","Ryan Fraser","NEW","M","347","W (Thu)","@MCI Sat 12:00PM","0","0","0%","0%","0","0","0","0","0","0","0","0","0","0","0","0","0","0","0","0","0","0","0","0","0"
"*02lof*","Ryan Fredericks","BOU","D","348","W (Thu)","@LIV Sat 7:00AM","0","0","0%","0%","0","0","0","0","0","0","0","0","0","0","0","0","0","0","0","0","0","0","0","0","0"
"*02lyo*","Luke Freeman","LUT","M","349","W (Thu)","","0","0","0%","0%","0","0","0","0","0","0","0","0","0","0","0","0","0","0","0","0","0","0","0","0","0"
"*04s8k*","Jorginho","ARS","M","350","W (Thu)","@CRY Mon 12:00PM","0","0","0%","0%","0","0","0","0","0","0","0","0","0","0","0","0","0","0","0","0","0","0","0","0","0"
"*063u9*","Remo Freuler","NOT","M","351","W (Thu)","SHU Fri 11:45AM","0","0","0%","0%","0","0","0","0","0","0","0","0","0","0","0","0","0","0","0","0","0","0","0","0","0"
"*067yx*","Gustavo Scarpa","NOT","M","352","W (Thu)","SHU Fri 11:45AM","0","0","0%","0%","0","0","0","0","0","0","0","0","0","0","0","0","0","0","0","0","0","0","0","0","0"
"*063e8*","Goncalo Guedes","WOL","F","353","W (Thu)","BHA Sat 7:00AM","0","0","0%","0%","0","0","0","0","0","0","0","0","0","0","0","0","0","0","0","0","0","0","0","0","0"
"*056iu*","Jean-Philippe Gbamin","EVE","M","356","W (Thu)","@AVL Sun 6:00AM","0","0","0%","0%","0","0","0","0","0","0","0","0","0","0","0","0","0","0","0","0","0","0","0","0","0"
"*05uh9*","Bryan Gil","TOT","F","357","W (Thu)","MUN Sat 9:30AM","0","0","0%","0%","0","0","0","0","0","0","0","0","0","0","0","0","0","0","0","0","0","0","0","0","0"
"*051ki*","Ben Godfrey","EVE","D","359","W (Thu)","@AVL Sun 6:00AM","0","0","0%","0%","0","0","0","0","0","0","0","0","0","0","0","0","0","0","0","0","0","0","0","0","0"
"*05yg5*","Toti","WOL","D","361","W (Thu)","BHA Sat 7:00AM","0","0","0%","0%","0","0","0","0","0","0","0","0","0","0","0","0","0","0","0","0","0","0","0","0","0"
"*03r93*","Joseph Gomez","LIV","D","362","W (Thu)","BOU Sat 7:00AM","0","0","0%","0%","0","0","0","0","0","0","0","0","0","0","0","0","0","0","0","0","0","0","0","0","0"
"*063w0*","Sergio Gomez","MCI","D","363","W (Thu)","NEW Sat 12:00PM","0","0","0%","0%","0","0","0","0","0","0","0","0","0","0","0","0","0","0","0","0","0","0","0","0","0"
"*05tr0*","Charlie Goode","BRF","D","364","W (Thu)","@FUL Sat 7:00AM","0","0","0%","0%","0","0","0","0","0","0","0","0","0","0","0","0","0","0","0","0","0","0","0","0","0"
"*05m9s*","John-Kymani Gordon","CRY","F","365","W (Thu)","ARS Mon 12:00PM","0","0","0%","0%","0","0","0","0","0","0","0","0","0","0","0","0","0","0","0","0","0","0","0","0","0"
"*066rn*","Daniel Gore","MUN","M","366","W (Thu)","@TOT Sat 9:30AM","0","0","0%","0%","0","0","0","0","0","0","0","0","0","0","0","0","0","0","0","0","0","0","0","0","0"
"*061vc*","Ben Greenwood","BOU","D","369","W (Thu)","@LIV Sat 7:00AM","0","0","0%","0%","0","0","0","0","0","0","0","0","0","0","0","0","0","0","0","0","0","0","0","0","0"
"*044ej*","Johann Gudmundsson","BUR","M","372","W (Thu)","","0","0","0%","0%","0","0","0","0","0","0","0","0","0","0","0","0","0","0","0","0","0","0","0","0","0"
"*06exd*","Jordan Hackett-Valton","NEW","D","375","W (Thu)","@MCI Sat 12:00PM","0","0","0%","0%","0","0","0","0","0","0","0","0","0","0","0","0","0","0","0","0","0","0","0","0","0"
"*05o2r*","Antwoine Hackford","SHU","F","376","W (Thu)","@NOT Fri 11:45AM","0","0","0%","0%","1","2","0","0","0","0","0","0","0","0","0","0","0","0","0","0","0","0","0","0","0"
"*06fg0*","Gustavo Hamer","SHU","M","378","W (Thu)","@NOT Fri 11:45AM","0","0","0%","0%","0","0","0","0","0","0","0","0","0","0","0","0","0","0","0","0","0","0","0","0","0"
"*063dz*","Luke Harris","FUL","M","380","W (Thu)","BRF Sat 7:00AM","0","0","0%","0%","0","0","0","0","0","0","0","0","0","0","0","0","0","0","0","0","0","0","0","0","0"
"*04spq*","Jack Harrison","EVE","M","","W (Thu)","@AVL Sun 6:00AM","0","0","0%","0%","0","0","0","0","0","0","0","0","0","0","0","0","0","0","0","0","0","0","0","0","0"
"*04qr4*","Kortney Hause","AVL","D","382","W (Thu)","EVE Sun 6:00AM","0","0","0%","0%","0","0","0","0","0","0","0","0","0","0","0","0","0","0","0","0","0","0","0","0","0"
"*035mq*","Isaac Hayden","NEW","M","383","W (Thu)","@MCI Sat 12:00PM","0","0","0%","0%","0","0","0","0","0","0","0","0","0","0","0","0","0","0","0","0","0","0","0","0","0"
"*047l2*","Jeff Hendrick","NEW","M","387","W (Thu)","@MCI Sat 12:00PM","0","0","0%","0%","0","0","0","0","0","0","0","0","0","0","0","0","0","0","0","0","0","0","0","0","0"
"*062z5*","Joseph Hodge","WOL","M","389","W (Thu)","BHA Sat 7:00AM","0","0","0%","0%","0","0","0","0","0","0","0","0","0","0","0","0","0","0","0","0","0","0","0","0","0"
"*044nm*","Rob Holding","ARS","D","392","W (Thu)","@CRY Mon 12:00PM","0","0","0%","0%","0","0","0","0","0","0","0","0","0","0","0","0","0","0","0","0","0","0","0","0","0"
"*03v6s*","Mason Holgate","EVE","D","393","W (Thu)","@AVL Sun 6:00AM","0","0","0%","0%","0","0","0","0","0","0","0","0","0","0","0","0","0","0","0","0","0","0","0","0","0"
"*04mi4*","Callum Hudson-Odoi","CHE","F","395","W (Thu)","@WHU Sun 8:30AM","0","0","0%","0%","0","0","0","0","0","0","0","0","0","0","0","0","0","0","0","0","0","0","0","0","0"
"*04f6o*","Will Hughes","CRY","M","396","W (Thu)","ARS Mon 12:00PM","0","0","0%","0%","0","0","0","0","0","0","0","0","0","0","0","0","0","0","0","0","0","0","0","0","0"
"*05ue2*","Joe Hugill","MUN","F","397","W (Thu)","@TOT Sat 9:30AM","0","0","0%","0%","0","0","0","0","0","0","0","0","0","0","0","0","0","0","0","0","0","0","0","0","0"
"*06exf*","James Huntley","NEW","M","398","W (Thu)","@MCI Sat 12:00PM","0","0","0%","0%","0","0","0","0","0","0","0","0","0","0","0","0","0","0","0","0","0","0","0","0","0"
"*06cm9*","Hwang Ui-Jo","NOT","F","400","W (Thu)","SHU Fri 11:45AM","0","0","0%","0%","0","0","0","0","0","0","0","0","0","0","0","0","0","0","0","0","0","0","0","0","0"
"*05t6z*","Tim Iroegbunam","AVL","M","401","W (Thu)","EVE Sun 6:00AM","0","0","0%","0%","0","0","0","0","0","0","0","0","0","0","0","0","0","0","0","0","0","0","0","0","0"
"*05s00*","Daniel Jebbison","SHU","F","402","W (Thu)","@NOT Fri 11:45AM","0","0","0%","0%","0","0","0","0","0","0","0","0","0","0","0","0","0","0","0","0","0","0","0","0","0"
"*04mcg*","Ben Johnson","WHU","D","403","W (Thu)","CHE Sun 8:30AM","0","0","0%","0%","0","0","0","0","0","0","0","0","0","0","0","0","0","0","0","0","0","0","0","0","0"
"*066rk*","Marc Jurado Gomez","MUN","D","404","W (Thu)","@TOT Sat 9:30AM","0","0","0%","0%","0","0","0","0","0","0","0","0","0","0","0","0","0","0","0","0","0","0","0","0","0"
"*06ewu*","Willy Kambwala","MUN","D","406","W (Thu)","@TOT Sat 9:30AM","0","0","0%","0%","0","0","0","0","0","0","0","0","0","0","0","0","0","0","0","0","0","0","0","0","0"
"*051k5*","Lloyd Kelly","BOU","D","410","W (Thu)","@LIV Sat 7:00AM","0","0","0%","0%","0","0","0","0","0","0","0","0","0","0","0","0","0","0","0","0","0","0","0","0","0"
"*06dpv*","Omari Kellyman","AVL","M","411","W (Thu)","EVE Sun 6:00AM","0","0","0%","0%","0","0","0","0","0","0","0","0","0","0","0","0","0","0","0","0","0","0","0","0","0"
"*057a1*","Gavin Kilkenny","BOU","M","412","W (Thu)","@LIV Sat 7:00AM","0","0","0%","0%","0","0","0","0","0","0","0","0","0","0","0","0","0","0","0","0","0","0","0","0","0"
"*068sd*","Jakub Kiwior","ARS","D","415","W (Thu)","@CRY Mon 12:00PM","0","0","0%","0%","0","0","0","0","0","0","0","0","0","0","0","0","0","0","0","0","0","0","0","0","0"
"*03dyo*","Anthony Knockaert","FUL","M","416","W (Thu)","BRF Sat 7:00AM","0","0","0%","0%","0","0","0","0","0","0","0","0","0","0","0","0","0","0","0","0","0","0","0","0","0"
"*04mks*","Terence Kongolo","FUL","D","417","W (Thu)","BRF Sat 7:00AM","0","0","0%","0%","0","0","0","0","0","0","0","0","0","0","0","0","0","0","0","0","0","0","0","0","0"
"*05746*","Emil Krafth","NEW","D","419","W (Thu)","@MCI Sat 12:00PM","0","0","0%","0%","0","0","0","0","0","0","0","0","0","0","0","0","0","0","0","0","0","0","0","0","0"
"*02opy*","Adam Lallana","BHA","M","420","W (Thu)","@WOL Sat 7:00AM","0","0","0%","0%","0","0","0","0","0","0","0","0","0","0","0","0","0","0","0","0","0","0","0","0","0"
"*05a6d*","Tariq Lamptey","BHA","D","421","W (Thu)","@WOL Sat 7:00AM","0","0","0%","0%","0","0","0","0","0","0","0","0","0","0","0","0","0","0","0","0","0","0","0","0","0"
"*03pig*","Jamaal Lascelles","NEW","D","422","W (Thu)","@MCI Sat 12:00PM","0","0","0%","0%","0","0","0","0","0","0","0","0","0","0","0","0","0","0","0","0","0","0","0","0","0"
"*062p3*","Keane Lewis-Potter","BRF","F","424","W (Thu)","@FUL Sat 7:00AM","0","0","0%","0%","0","0","0","0","0","0","0","0","0","0","0","0","0","0","0","0","0","0","0","0","0"
"*04ug0*","Sean Longstaff","NEW","M","432","W (Thu)","@MCI Sat 12:00PM","0","0","0%","0%","1","4","0","0","0","0","0","0","0","0","0","0","0","0","0","0","0","0","0","0","0"
"*061vi*","Jamal Lowe","BOU","F","433","W (Thu)","@LIV Sat 7:00AM","0","0","0%","0%","0","0","0","0","0","0","0","0","0","0","0","0","0","0","0","0","0","0","0","0","0"
"*02m7x*","Romelu Lukaku","CHE","F","434","W (Thu)","@WHU Sun 8:30AM","0","0","0%","0%","0","0","0","0","0","0","0","0","0","0","0","0","0","0","0","0","0","0","0","0","0"
"*0666p*","Kobbie Mainoo","MUN","M","438","W (Thu)","@TOT Sat 9:30AM","0","0","0%","0%","0","0","0","0","0","0","0","0","0","0","0","0","0","0","0","0","0","0","0","0","0"
"*062ft*","Tyrell Malacia","MUN","D","439","W (Thu)","@TOT Sat 9:30AM","0","0","0%","0%","0","0","0","0","0","0","0","0","0","0","0","0","0","0","0","0","0","0","0","0","0"
"*03hvn*","Javier Manquillo","NEW","D","441","W (Thu)","@MCI Sat 12:00PM","0","0","0%","0%","0","0","0","0","0","0","0","0","0","0","0","0","0","0","0","0","0","0","0","0","0"
"*06c6p*","Louie Marsh","SHU","F","443","W (Thu)","@NOT Fri 11:45AM","0","0","0%","0%","0","0","0","0","0","0","0","0","0","0","0","0","0","0","0","0","0","0","0","0","0"
"*05r8o*","Jean-Philippe Mateta","CRY","F","446","W (Thu)","ARS Mon 12:00PM","0","0","0%","0%","0","0","0","0","0","0","0","0","0","0","0","0","0","0","0","0","0","0","0","0","0"
"*0435s*","Joel Matip","LIV","D","447","W (Thu)","BOU Sat 7:00AM","0","0","0%","0%","0","0","0","0","0","0","0","0","0","0","0","0","0","0","0","0","0","0","0","0","0"
"*03pih*","Kevin Mbabu","FUL","D","449","W (Thu)","BRF Sat 7:00AM","0","0","0%","0%","0","0","0","0","0","0","0","0","0","0","0","0","0","0","0","0","0","0","0","0","0"
"*061xx*","Loic Mbe Soh","NOT","D","450","W (Thu)","SHU Fri 11:45AM","0","0","0%","0%","0","0","0","0","0","0","0","0","0","0","0","0","0","0","0","0","0","0","0","0","0"
"*06exe*","Charlie McArthur","NEW","D","451","W (Thu)","@MCI Sat 12:00PM","0","0","0%","0%","0","0","0","0","0","0","0","0","0","0","0","0","0","0","0","0","0","0","0","0","0"
"*06cm5*","John McAtee","LUT","F","452","W (Thu)","","0","0","0%","0%","0","0","0","0","0","0","0","0","0","0","0","0","0","0","0","0","0","0","0","0","0"
"*06do3*","James McConnell","LIV","M","454","W (Thu)","BOU Sat 7:00AM","0","0","0%","0%","0","0","0","0","0","0","0","0","0","0","0","0","0","0","0","0","0","0","0","0","0"
"*06ewq*","Delano McCoy-Splatt","FUL","M","455","W (Thu)","BRF Sat 7:00AM","0","0","0%","0%","0","0","0","0","0","0","0","0","0","0","0","0","0","0","0","0","0","0","0","0","0"
"*0637a*","Charlie McNeill","MUN","F","458","W (Thu)","@TOT Sat 9:30AM","0","0","0%","0%","0","0","0","0","0","0","0","0","0","0","0","0","0","0","0","0","0","0","0","0","0"
"*05uhs*","James Mcatee","MCI","M","460","W (Thu)","NEW Sat 12:00PM","0","0","0%","0%","1","1","0","0","0","0","0","0","0","0","0","0","0","0","0","0","0","0","0","0","0"
"*05t6y*","Hannibal Mejbri","MUN","M","463","W (Thu)","@TOT Sat 9:30AM","0","0","0%","0%","0","0","0","0","0","0","0","0","0","0","0","0","0","0","0","0","0","0","0","0","0"
"*06eww*","Jose Mateo Mejia Piedrahita","MUN","F","464","W (Thu)","@TOT Sat 9:30AM","0","0","0%","0%","0","0","0","0","0","0","0","0","0","0","0","0","0","0","0","0","0","0","0","0","0"
"*05afe*","Teden Mengi","MUN","D","465","W (Thu)","@TOT Sat 9:30AM","0","0","0%","0%","0","0","0","0","0","0","0","0","0","0","0","0","0","0","0","0","0","0","0","0","0"
"*061y9*","Alex Mighten","NOT","F","466","W (Thu)","SHU Fri 11:45AM","0","0","0%","0%","0","0","0","0","0","0","0","0","0","0","0","0","0","0","0","0","0","0","0","0","0"
"*06ex0*","Jamie Miley","NEW","M","467","W (Thu)","@MCI Sat 12:00PM","0","0","0%","0%","0","0","0","0","0","0","0","0","0","0","0","0","0","0","0","0","0","0","0","0","0"
"*06ab3*","Lewis Miley","NEW","M","468","W (Thu)","@MCI Sat 12:00PM","0","0","0%","0%","0","0","0","0","0","0","0","0","0","0","0","0","0","0","0","0","0","0","0","0","0"
"*05r37*","Jakub Moder","BHA","M","469","W (Thu)","@WOL Sat 7:00AM","0","0","0%","0%","0","0","0","0","0","0","0","0","0","0","0","0","0","0","0","0","0","0","0","0","0"
"*05vyh*","Andy Moran","BHA","M","470","W (Thu)","@WOL Sat 7:00AM","0","0","0%","0%","0","0","0","0","0","0","0","0","0","0","0","0","0","0","0","0","0","0","0","0","0"
"*0645x*","Divin Mubama","WHU","F","473","W (Thu)","CHE Sun 8:30AM","0","0","0%","0%","0","0","0","0","0","0","0","0","0","0","0","0","0","0","0","0","0","0","0","0","0"
"*061vn*","Rodrigo Muniz","FUL","F","474","W (Thu)","BRF Sat 7:00AM","0","0","0%","0%","0","0","0","0","0","0","0","0","0","0","0","0","0","0","0","0","0","0","0","0","0"
"*06ewy*","Alex Murphy","NEW","D","476","W (Thu)","@MCI Sat 12:00PM","0","0","0%","0%","0","0","0","0","0","0","0","0","0","0","0","0","0","0","0","0","0","0","0","0","0"
"*052i8*","Admiral Muskwe","LUT","F","477","W (Thu)","","0","0","0%","0%","0","0","0","0","0","0","0","0","0","0","0","0","0","0","0","0","0","0","0","0","0"
"*068a0*","Andrey Santos","CHE","M","479","W (Thu)","@WHU Sun 8:30AM","0","0","0%","0%","0","0","0","0","0","0","0","0","0","0","0","0","0","0","0","0","0","0","0","0","0"
"*06exi*","Michael Ndiweni","NEW","F","480","W (Thu)","@MCI Sat 12:00PM","0","0","0%","0%","0","0","0","0","0","0","0","0","0","0","0","0","0","0","0","0","0","0","0","0","0"
"*05247*","Tanguy Ndombele","TOT","M","481","W (Thu)","MUN Sat 9:30AM","0","0","0%","0%","0","0","0","0","0","0","0","0","0","0","0","0","0","0","0","0","0","0","0","0","0"
"*062h8*","Moussa Niakhate","NOT","D","484","W (Thu)","SHU Fri 11:45AM","0","0","0%","0%","0","0","0","0","0","0","0","0","0","0","0","0","0","0","0","0","0","0","0","0","0"
"*051l4*","Rhys Norrington-Davies","SHU","D","486","W (Thu)","@NOT Fri 11:45AM","0","0","0%","0%","0","0","0","0","0","0","0","0","0","0","0","0","0","0","0","0","0","0","0","0","0"
"*04mlb*","Lewis O'Brien","NOT","M","488","W (Thu)","SHU Fri 11:45AM","0","0","0%","0%","0","0","0","0","0","0","0","0","0","0","0","0","0","0","0","0","0","0","0","0","0"
"*04mmx*","Michael Obafemi","BUR","F","489","W (Thu)","","0","0","0%","0%","0","0","0","0","0","0","0","0","0","0","0","0","0","0","0","0","0","0","0","0","0"
"*06fhy*","Wilson Odobert","BUR","F","490","W (Thu)","","0","0","0%","0%","0","0","0","0","0","0","0","0","0","0","0","0","0","0","0","0","0","0","0","0","0"
"*06ewo*","Idris Odutayo","FUL","D","491","W (Thu)","BRF Sat 7:00AM","0","0","0%","0%","0","0","0","0","0","0","0","0","0","0","0","0","0","0","0","0","0","0","0","0","0"
"*06cm4*","Chiedozie Ogbene","LUT","F","492","W (Thu)","","0","0","0%","0%","1","13","0","0","0","0","0","0","0","0","0","0","0","0","0","0","0","0","0","2","0"
"*03rxb*","Angelo Ogbonna","WHU","D","493","W (Thu)","CHE Sun 8:30AM","0","0","0%","0%","0","0","0","0","0","0","0","0","0","0","0","0","0","0","0","0","0","0","0","0","0"
"*061xr*","Marquinhos","ARS","F","496","W (Thu)","@CRY Mon 12:00PM","0","0","0%","0%","0","0","0","0","0","0","0","0","0","0","0","0","0","0","0","0","0","0","0","0","0"
"*05r93*","Tyler Onyango","EVE","M","499","W (Thu)","@AVL Sun 6:00AM","0","0","0%","0%","0","0","0","0","0","0","0","0","0","0","0","0","0","0","0","0","0","0","0","0","0"
"*05ue7*","Frank Onyeka","BRF","M","500","W (Thu)","@FUL Sat 7:00AM","0","0","0%","0%","0","0","0","0","0","0","0","0","0","0","0","0","0","0","0","0","0","0","0","0","0"
"*055c0*","Ben Osborn","SHU","M","502","W (Thu)","@NOT Fri 11:45AM","0","0","0%","0%","1","86","0","0","0","0","0","0","0","0","0","0","1","0","0","0","0","0","0","1","0"
"*06c5z*","Gabriel Osho","LUT","D","503","W (Thu)","","0","0","0%","0%","0","0","0","0","0","0","0","0","0","0","0","0","0","0","0","0","0","0","0","0","0"
"*066ro*","Maximillian Oyedele","MUN","M","505","W (Thu)","@TOT Sat 9:30AM","0","0","0%","0%","0","0","0","0","0","0","0","0","0","0","0","0","0","0","0","0","0","0","0","0","0"
"*061xz*","Jonathan Panzo","NOT","D","507","W (Thu)","SHU Fri 11:45AM","0","0","0%","0%","0","0","0","0","0","0","0","0","0","0","0","0","0","0","0","0","0","0","0","0","0"
"*06ex1*","Ben Parkinson","NEW","F","508","W (Thu)","@MCI Sat 12:00PM","0","0","0%","0%","0","0","0","0","0","0","0","0","0","0","0","0","0","0","0","0","0","0","0","0","0"
"*05y9e*","Charlie Patino","ARS","M","509","W (Thu)","@CRY Mon 12:00PM","0","0","0%","0%","0","0","0","0","0","0","0","0","0","0","0","0","0","0","0","0","0","0","0","0","0"
"*05nuf*","Myles Peart-Harris","BRF","M","510","W (Thu)","@FUL Sat 7:00AM","0","0","0%","0%","0","0","0","0","0","0","0","0","0","0","0","0","0","0","0","0","0","0","0","0","0"
"*055sk*","Nicolas Pepe","ARS","F","512","W (Thu)","@CRY Mon 12:00PM","0","0","0%","0%","0","0","0","0","0","0","0","0","0","0","0","0","0","0","0","0","0","0","0","0","0"
"*06c6e*","Aribim Pepple","LUT","F","513","W (Thu)","","0","0","0%","0%","0","0","0","0","0","0","0","0","0","0","0","0","0","0","0","0","0","0","0","0","0"
"*04boi*","Dion Pereira","LUT","M","514","W (Thu)","","0","0","0%","0%","0","0","0","0","0","0","0","0","0","0","0","0","0","0","0","0","0","0","0","0","0"
"*068sf*","Maximo Perrone","MCI","M","515","W (Thu)","NEW Sat 12:00PM","0","0","0%","0%","0","0","0","0","0","0","0","0","0","0","0","0","0","0","0","0","0","0","0","0","0"
"*06exk*","Ashley Phillips","TOT","D","516","W (Thu)","MUN Sat 9:30AM","0","0","0%","0%","0","0","0","0","0","0","0","0","0","0","0","0","0","0","0","0","0","0","0","0","0"
"*05n03*","Kalvin Phillips","MCI","M","517","W (Thu)","NEW Sat 12:00PM","0","0","0%","0%","0","0","0","0","0","0","0","0","0","0","0","0","0","0","0","0","0","0","0","0","0"
"*04rxe*","Nathaniel Phillips","LIV","D","518","W (Thu)","BOU Sat 7:00AM","0","0","0%","0%","0","0","0","0","0","0","0","0","0","0","0","0","0","0","0","0","0","0","0","0","0"
"*05rff*","Jaden Philogene-Bidace","AVL","M","519","W (Thu)","EVE Sun 6:00AM","0","0","0%","0%","1","2","0","0","0","0","0","0","0","0","0","0","0","0","0","0","0","0","0","1","0"
"*02onn*","Daniel Potts","LUT","D","522","W (Thu)","","0","0","0%","0%","0","0","0","0","0","0","0","0","0","0","0","0","0","0","0","0","0","0","0","0","0"
"*06ex3*","Josh Powell","NOT","M","523","W (Thu)","SHU Fri 11:45AM","0","0","0%","0%","0","0","0","0","0","0","0","0","0","0","0","0","0","0","0","0","0","0","0","0","0"
"*06ewv*","Logan Pye","MUN","D","524","W (Thu)","@TOT Sat 9:30AM","0","0","0%","0%","0","0","0","0","0","0","0","0","0","0","0","0","0","0","0","0","0","0","0","0","0"
"*05rjn*","Jesurun Rak-Sakyi","CRY","M","526","W (Thu)","ARS Mon 12:00PM","0","0","0%","0%","0","0","0","0","0","0","0","0","0","0","0","0","0","0","0","0","0","0","0","0","0"
"*06few*","Youssef Ramalho Chermiti","EVE","F","527","W (Thu)","@AVL Sun 6:00AM","0","0","0%","0%","0","0","0","0","0","0","0","0","0","0","0","0","0","0","0","0","0","0","0","0","0"
"*06cm2*","Glen Rea","LUT","D","532","W (Thu)","","0","0","0%","0%","0","0","0","0","0","0","0","0","0","0","0","0","0","0","0","0","0","0","0","0","0"
"*05ohc*","Sergio Reguilon","TOT","D","534","W (Thu)","MUN Sat 9:30AM","0","0","0%","0%","0","0","0","0","0","0","0","0","0","0","0","0","0","0","0","0","0","0","0","0","0"
"*0635j*","Chris Richards","CRY","D","535","W (Thu)","ARS Mon 12:00PM","0","0","0%","0%","0","0","0","0","0","0","0","0","0","0","0","0","0","0","0","0","0","0","0","0","0"
"*062op*","Omar Richards","NOT","D","536","W (Thu)","SHU Fri 11:45AM","0","0","0%","0%","0","0","0","0","0","0","0","0","0","0","0","0","0","0","0","0","0","0","0","0","0"
"*04gyz*","Jairo Riedewald","CRY","M","537","W (Thu)","ARS Mon 12:00PM","0","0","0%","0%","0","0","0","0","0","0","0","0","0","0","0","0","0","0","0","0","0","0","0","0","0"
"*03r8t*","Matt Ritchie","NEW","D","538","W (Thu)","@MCI Sat 12:00PM","0","0","0%","0%","0","0","0","0","0","0","0","0","0","0","0","0","0","0","0","0","0","0","0","0","0"
"*04qqv*","Fred","MUN","M","540","W (Thu)","@TOT Sat 9:30AM","0","0","0%","0%","0","0","0","0","0","0","0","0","0","0","0","0","0","0","0","0","0","0","0","0","0"
"*02oq3*","Jay Rodriguez","BUR","F","541","W (Thu)","","0","0","0%","0%","0","0","0","0","0","0","0","0","0","0","0","0","0","0","0","0","0","0","0","0","0"
"*05ue3*","Albert Sambi Lokonga","ARS","M","543","W (Thu)","@CRY Mon 12:00PM","0","0","0%","0%","0","0","0","0","0","0","0","0","0","0","0","0","0","0","0","0","0","0","0","0","0"
"*05nsf*","Malang Sarr","CHE","D","548","W (Thu)","@WHU Sun 8:30AM","0","0","0%","0%","0","0","0","0","0","0","0","0","0","0","0","0","0","0","0","0","0","0","0","0","0"
"*06ewx*","Remi Savage","NEW","D","549","W (Thu)","@MCI Sat 12:00PM","0","0","0%","0%","0","0","0","0","0","0","0","0","0","0","0","0","0","0","0","0","0","0","0","0","0"
"*06f8y*","Alex Scott","BOU","M","550","W (Thu)","@LIV Sat 7:00AM","0","0","0%","0%","0","0","0","0","0","0","0","0","0","0","0","0","0","0","0","0","0","0","0","0","0"
"*05t6a*","Femi Seriki","SHU","D","551","W (Thu)","@NOT Fri 11:45AM","0","0","0%","0%","0","0","0","0","0","0","0","0","0","0","0","0","0","0","0","0","0","0","0","0","0"
"*04qfm*","Ryan Sessegnon","TOT","D","552","W (Thu)","MUN Sat 9:30AM","0","0","0%","0%","0","0","0","0","0","0","0","0","0","0","0","0","0","0","0","0","0","0","0","0","0"
"*02lkm*","Jonjo Shelvey","NOT","M","555","W (Thu)","SHU Fri 11:45AM","0","0","0%","0%","0","0","0","0","0","0","0","0","0","0","0","0","0","0","0","0","0","0","0","0","0"
"*05rdx*","Shola Shoretire","MUN","F","556","W (Thu)","@TOT Sat 9:30AM","0","0","0%","0%","0","0","0","0","0","0","0","0","0","0","0","0","0","0","0","0","0","0","0","0","0"
"*02lp5*","Adam Smith","BOU","D","558","W (Thu)","@LIV Sat 7:00AM","0","0","0%","0%","0","0","0","0","0","0","0","0","0","0","0","0","0","0","0","0","0","0","0","0","0"
"*06329*","Manor Solomon","TOT","F","561","W (Thu)","MUN Sat 9:30AM","0","0","0%","0%","0","0","0","0","0","0","0","0","0","0","0","0","0","0","0","0","0","0","0","0","0"
"*062ts*","Djed Spence","TOT","D","562","W (Thu)","MUN Sat 9:30AM","0","0","0%","0%","0","0","0","0","0","0","0","0","0","0","0","0","0","0","0","0","0","0","0","0","0"
"*061vo*","Jay Stansfield","FUL","F","563","W (Thu)","BRF Sat 7:00AM","0","0","0%","0%","0","0","0","0","0","0","0","0","0","0","0","0","0","0","0","0","0","0","0","0","0"
"*04tsd*","Japhet Tanganga","TOT","D","567","W (Thu)","MUN Sat 9:30AM","0","0","0%","0%","0","0","0","0","0","0","0","0","0","0","0","0","0","0","0","0","0","0","0","0","0"
"*0372y*","Matt Targett","NEW","D","568","W (Thu)","@MCI Sat 12:00PM","0","0","0%","0%","0","0","0","0","0","0","0","0","0","0","0","0","0","0","0","0","0","0","0","0","0"
"*04u6l*","Andre Gomes","EVE","M","569","W (Thu)","@AVL Sun 6:00AM","0","0","0%","0%","0","0","0","0","0","0","0","0","0","0","0","0","0","0","0","0","0","0","0","0","0"
"*05u99*","Nuno Tavares","ARS","D","570","W (Thu)","@CRY Mon 12:00PM","0","0","0%","0%","0","0","0","0","0","0","0","0","0","0","0","0","0","0","0","0","0","0","0","0","0"
"*04fyc*","Charlie Taylor","BUR","D","572","W (Thu)","","0","0","0%","0%","0","0","0","0","0","0","0","0","0","0","0","0","0","0","0","0","0","0","0","0","0"
"*03rvw*","Harry Toffolo","NOT","D","574","W (Thu)","SHU Fri 11:45AM","0","0","0%","0%","0","0","0","0","0","0","0","0","0","0","0","0","0","0","0","0","0","0","0","0","0"
"*02rn6*","James Tomkins","CRY","D","575","W (Thu)","ARS Mon 12:00PM","0","0","0%","0%","1","1","0","0","0","0","0","0","0","0","0","0","0","0","0","0","0","0","0","0","0"
"*03u2b*","Adama Traore","FUL","F","577","W (Thu)","BRF Sat 7:00AM","0","0","0%","0%","0","0","0","0","0","0","0","0","0","0","0","0","0","0","0","0","0","0","0","0","0"
"*035n1*","Bertrand Traore","AVL","M","578","W (Thu)","EVE Sun 6:00AM","0","0","0%","0%","0","0","0","0","0","0","0","0","0","0","0","0","0","0","0","0","0","0","0","0","0"
"*064a1*","Boubacar Traore","WOL","M","579","W (Thu)","BHA Sat 7:00AM","0","0","0%","0%","0","0","0","0","0","0","0","0","0","0","0","0","0","0","0","0","0","0","0","0","0"
"*062ce*","Auston Trusty","SHU","D","581","W (Thu)","@NOT Fri 11:45AM","0","0","0%","0%","0","0","0","0","0","0","0","0","0","0","0","0","0","0","0","0","0","0","0","0","0"
"*05n3v*","Konstantinos Tsimikas","LIV","D","582","W (Thu)","BOU Sat 7:00AM","0","0","0%","0%","0","0","0","0","0","0","0","0","0","0","0","0","0","0","0","0","0","0","0","0","0"
"*06ewz*","Jay Turner-Cooke","NEW","M","583","W (Thu)","@MCI Sat 12:00PM","0","0","0%","0%","0","0","0","0","0","0","0","0","0","0","0","0","0","0","0","0","0","0","0","0","0"
"*06c4l*","Scott Twine","BUR","M","584","W (Thu)","","0","0","0%","0%","0","0","0","0","0","0","0","0","0","0","0","0","0","0","0","0","0","0","0","0","0"
"*06ezc*","Alejo Veliz","TOT","F","586","W (Thu)","MUN Sat 9:30AM","0","0","0%","0%","0","0","0","0","0","0","0","0","0","0","0","0","0","0","0","0","0","0","0","0","0"
"*061z3*","Fabio Vieira","ARS","M","588","W (Thu)","@CRY Mon 12:00PM","0","0","0%","0%","0","0","0","0","0","0","0","0","0","0","0","0","0","0","0","0","0","0","0","0","0"
"*02oq8*","James Ward-Prowse","WHU","M","","W (Thu)","CHE Sun 8:30AM","0","0","0%","0%","0","0","0","0","0","0","0","0","0","0","0","0","0","0","0","0","0","0","0","0","0"
"*06c64*","Louie Watson","LUT","M","592","W (Thu)","","0","0","0%","0%","0","0","0","0","0","0","0","0","0","0","0","0","0","0","0","0","0","0","0","0","0"
"*056ir*","Adam Webster","BHA","D","593","W (Thu)","@WOL Sat 7:00AM","0","0","0%","0%","0","0","0","0","0","0","0","0","0","0","0","0","0","0","0","0","0","0","0","0","0"
"*05r4z*","Jensen Weir","BHA","M","594","W (Thu)","@WOL Sat 7:00AM","0","0","0%","0%","0","0","0","0","0","0","0","0","0","0","0","0","0","0","0","0","0","0","0","0","0"
"*054p3*","Harvey White","TOT","M","595","W (Thu)","MUN Sat 9:30AM","0","0","0%","0%","0","0","0","0","0","0","0","0","0","0","0","0","0","0","0","0","0","0","0","0","0"
"*059j3*","Brandon Williams","MUN","D","598","W (Thu)","@TOT Sat 9:30AM","0","0","0%","0%","0","0","0","0","0","0","0","0","0","0","0","0","0","0","0","0","0","0","0","0","0"
"*02m5b*","Chris Wood","NOT","F","600","W (Thu)","SHU Fri 11:45AM","0","0","0%","0%","1","1","0","0","0","0","0","0","0","0","0","0","0","0","0","0","0","0","0","0","0"
"*066r9*","Ehor Yarmolyuk","BRF","M","602","W (Thu)","@FUL Sat 7:00AM","0","0","0%","0%","0","0","0","0","0","0","0","0","0","0","0","0","0","0","0","0","0","0","0","0","0"
"*05opi*","Andi Zeqiri","BHA","F","603","W (Thu)","@WOL Sat 7:00AM","0","0","0%","0%","0","0","0","0","0","0","0","0","0","0","0","0","0","0","0","0","0","0","0","0","0"
"*05mxb*","Hakim Ziyech","CHE","M","605","W (Thu)","@WHU Sun 8:30AM","0","0","0%","0%","0","0","0","0","0","0","0","0","0","0","0","0","0","0","0","0","0","0","0","0","0"
"*06f7b*","Vinicius de Souza Costa","SHU","M","609","W (Thu)","@NOT Fri 11:45AM","0","0","0%","0%","1","9","0","0","0","0","0","1","0","0","0","0","0","0","0","1","0","0","0","0","0"
"*06eka*","Igor Julio dos Santos de Paulo","BHA","D","610","W (Thu)","@WOL Sat 7:00AM","0","0","0%","0%","0","0","0","0","0","0","0","0","0","0","0","0","0","0","0","0","0","0","0","0","0"
"*05o2l*","Donny van de Beek","MUN","M","612","W (Thu)","@TOT Sat 9:30AM","0","0","0%","0%","0","0","0","0","0","0","0","0","0","0","0","0","0","0","0","0","0","0","0","0","0"
"*06crm*","Pau Torres","AVL","D","613","W (Thu)","EVE Sun 6:00AM","-0.25","-0.25","93%","0%","1","58","0","1","0","0","0","0","0","0","0","0","3","1","1","1","0","0","0","3","0"
"*061ya*","Brennan Johnson","NOT","F","617","XXX","SHU Fri 11:45AM","-0.5","-0.5","100%","0%","1","79","0","0","0","0","0","1","0","0","0","0","0","0","0","0","0","0","0","2","0"
"*062pl*","Lisandro Martinez","MUN","D","445","dsb_ff","@TOT Sat 9:30AM","-0.5","-0.5","100%","0%","1","45","0","0","0","0","1","1","1","0","0","0","0","1","0","0","0","0","0","0","0"
"*04qrc*","Raul Jimenez","FUL","F","616","Kish123","BRF Sat 7:00AM","-0.5","-0.5","67%","0%","1","57","0","0","0","0","0","2","0","0","0","0","0","0","0","1","0","0","0","0","0"
"*05uns*","Leon Bailey","AVL","F","615","Pancake","EVE Sun 6:00AM","-0.5","-0.5","40%","0%","1","45","0","0","0","0","0","4","0","0","0","1","0","0","0","1","0","0","0","2","0"
"*06c5x*","Tom Lockyer","LUT","D","618","W (Thu)","","-0.5","-0.5","13%","0%","1","90","0","0","0","0","2","0","0","0","0","1","6","0","1","2","0","0","0","4","0"
"*06c4j*","Ameen Al Dakhil","BUR","D","614","W (Thu)","","-0.5","-0.5","0%","0%","1","90","0","0","0","0","1","1","0","0","0","1","4","0","1","2","0","0","0","3","0"
"*05t6x*","William Osula","SHU","F","619","W (Thu)","@NOT Fri 11:45AM","-0.5","-0.5","0%","0%","1","90","0","0","0","0","0","2","1","0","1","0","0","0","1","1","0","0","0","1","0"
"*03srg*","Trent Alexander-Arnold","LIV","D","620","XXX","BOU Sat 7:00AM","-0.75","-0.75","100%","0%","1","90","0","0","0","0","1","0","1","0","1","0","5","0","0","0","0","0","0","1","0"
"*04e1c*","Lewis Dunk","BHA","D","621","W (Thu)","@WOL Sat 7:00AM","-0.75","-0.75","80%","0%","1","90","0","0","0","0","1","0","0","0","0","0","1","0","0","0","0","0","0","1","0"
"*04gpx*","Dara O'Shea","BUR","D","622","W (Thu)","","-0.75","-0.75","7%","0%","1","90","0","0","0","0","0","0","0","0","0","1","1","0","2","2","0","0","0","3","0"
"*04e1e*","Ben White","ARS","D","626","Pancake","@CRY Mon 12:00PM","-1","-1","100%","0%","1","90","0","0","0","0","0","0","1","0","0","2","0","0","0","1","0","0","0","1","0"
"*03frx*","Ola Aina","NOT","D","623","W (Thu)","SHU Fri 11:45AM","-1","-1","7%","0%","1","71","0","0","0","0","3","1","1","0","0","0","2","1","0","1","0","0","0","2","0"
"*06dml*","Anis Ben Slimane","SHU","M","624","W (Thu)","@NOT Fri 11:45AM","-1","-1","0%","0%","1","9","0","0","0","0","0","0","1","0","0","1","0","0","0","0","0","0","0","0","0"
"*062og*","Aaron Hickey","BRF","D","625","W (Thu)","@FUL Sat 7:00AM","-1","-1","0%","0%","1","71","0","1","0","0","2","1","1","0","0","0","2","1","0","0","0","0","0","2","0"
"*04tm0*","Lucas Digne","AVL","D","628","Kish123","EVE Sun 6:00AM","-1.5","-1.5","13%","0%","1","90","0","3","0","0","2","0","1","0","0","1","2","0","0","1","0","0","0","5","0"
"*04t95*","Oliver Skipp","TOT","M","629","W (Thu)","MUN Sat 9:30AM","-1.5","-1.5","7%","0%","1","74","0","0","0","0","0","0","1","0","0","0","0","0","0","1","0","0","0","2","0"
"*06cmv*","Mads Andersen","LUT","D","627","W (Thu)","","-1.5","-1.5","0%","0%","1","75","0","0","0","0","1","0","1","0","0","1","6","0","1","0","0","0","0","2","0"
"*05mxa*","Joel Veltman","BHA","D","630","W (Thu)","@WOL Sat 7:00AM","-1.75","-1.75","27%","0%","1","10","0","0","0","0","0","0","0","0","0","0","1","0","0","0","0","0","0","1","0"
"*06c4i*","Vitinho","BUR","D","631","W (Thu)","","-1.75","-1.75","13%","0%","1","90","0","1","0","0","0","0","0","0","0","1","1","0","1","0","0","0","0","3","0"
"*05re5*","Carney Chukwuemeka","CHE","M","633","Adam","@WHU Sun 8:30AM","-2","-2","27%","0%","1","80","0","0","0","0","1","2","1","0","0","0","0","0","0","0","0","0","0","1","0"
"*06c5y*","Amari'i Bell","LUT","D","632","W (Thu)","","-2","-2","7%","0%","1","90","0","0","0","0","2","0","0","0","0","2","4","0","1","0","0","0","0","4","0"
"*04azm*","Connor Roberts","BUR","D","634","W (Thu)","","-3.75","-3.75","7%","0%","1","90","0","0","0","0","1","0","0","0","0","0","1","0","0","1","0","0","0","3","0"
"*052ca*","Ezri Konsa","AVL","D","635","W (Thu)","EVE Sun 6:00AM","-4.5","-4.5","7%","0%","1","90","0","0","0","0","4","0","0","0","0","0","2","1","0","0","0","0","0","5","0"
"*06c4q*","Anass Zaroury","BUR","F","636","W (Thu)","","-5","-5","47%","0%","1","27","0","1","0","0","0","0","0","1","0","0","0","0","0","0","0","0","0","1","0"
"*05o4b*","Matty Cash","AVL","D","637","deceptiv","EVE Sun 6:00AM","-5.25","-5.25","93%","0%","1","86","0","0","0","1","0","1","1","0","0","1","1","1","1","0","0","0","0","4","0"