,gameweek,dayofweek,date,start_time,home_team,home_xg,score,away_xg,away_team,attendance,venue,referee,match_report,notes,season,home_score,away_score
0,1,Sat,2020-09-12,12:30,Fulham,0.1,0–3,1.9,Arsenal,,Craven Cottage,Chris Kavanagh,Match Report,,2020,0.0,3.0
1,1,Sat,2020-09-12,15:00,Crystal Palace,1.1,1–0,0.9,Southampton,,Selhurst Park,Jonathan Moss,Match Report,,2020,1.0,0.0
2,1,Sat,2020-09-12,17:30,Liverpool,2.7,4–3,0.3,Leeds United,,Anfield,Michael Oliver,Match Report,,2020,4.0,3.0
3,1,Sat,2020-09-12,20:00,West Ham,1.0,0–2,1.6,Newcastle Utd,,London Stadium,Stuart Attwell,Match Report,,2020,0.0,2.0
4,1,Sun,2020-09-13,14:00,West Brom,0.4,0–3,2.8,Leicester City,,The Hawthorns,Anthony Taylor,Match Report,,2020,0.0,3.0
5,1,Sun,2020-09-13,16:30,Tottenham,1.1,0–1,1.2,Everton,,Tottenham Hotspur Stadium,Martin Atkinson,Match Report,,2020,0.0,1.0
6,1,Mon,2020-09-14,18:00,Sheffield Utd,1.0,0–2,1.4,Wolves,,Bramall Lane,Mike Dean,Match Report,,2020,0.0,2.0
7,1,Mon,2020-09-14,20:15,Brighton,1.1,1–3,1.2,Chelsea,,The American Express Community Stadium,Craig Pawson,Match Report,,2020,1.0,3.0
9,2,Sat,2020-09-19,12:30,Everton,3.9,5–2,0.3,West Brom,,Goodison Park,Mike Dean,Match Report,,2020,5.0,2.0
10,2,Sat,2020-09-19,15:00,Leeds United,1.4,4–3,1.7,Fulham,,Elland Road,Anthony Taylor,Match Report,,2020,4.0,3.0
11,2,Sat,2020-09-19,17:30,Manchester Utd,1.2,1–3,1.6,Crystal Palace,,Old Trafford,Martin Atkinson,Match Report,,2020,1.0,3.0
12,2,Sat,2020-09-19,20:00,Arsenal,1.1,2–1,2.0,West Ham,,Emirates Stadium,Michael Oliver,Match Report,,2020,2.0,1.0
13,2,Sun,2020-09-20,12:00,Southampton,2.0,2–5,2.1,Tottenham,,St. Mary's Stadium,David Coote,Match Report,,2020,2.0,5.0
14,2,Sun,2020-09-20,14:00,Newcastle Utd,0.5,0–3,1.8,Brighton,,St. James' Park,Kevin Friend,Match Report,,2020,0.0,3.0
15,2,Sun,2020-09-20,16:30,Chelsea,0.9,0–2,2.1,Liverpool,,Stamford Bridge,Paul Tierney,Match Report,,2020,0.0,2.0
16,2,Sun,2020-09-20,19:00,Leicester City,1.2,4–2,1.4,Burnley,,King Power Stadium,Lee Mason,Match Report,,2020,4.0,2.0
17,2,Mon,2020-09-21,18:00,Aston Villa,1.0,1–0,0.9,Sheffield Utd,,Villa Park,Graham Scott,Match Report,,2020,1.0,0.0
18,2,Mon,2020-09-21,20:15,Wolves,0.6,1–3,1.9,Manchester City,,Molineux Stadium,Andre Marriner,Match Report,,2020,1.0,3.0
20,3,Sat,2020-09-26,12:30,Brighton,2.5,2–3,1.5,Manchester Utd,,The American Express Community Stadium,Chris Kavanagh,Match Report,,2020,2.0,3.0
21,3,Sat,2020-09-26,15:00,Crystal Palace,0.4,1–2,1.9,Everton,,Selhurst Park,Kevin Friend,Match Report,,2020,1.0,2.0
22,3,Sat,2020-09-26,17:30,West Brom,0.6,3–3,2.0,Chelsea,,The Hawthorns,Jonathan Moss,Match Report,,2020,3.0,3.0
23,3,Sat,2020-09-26,20:00,Burnley,0.5,0–1,0.6,Southampton,,Turf Moor,Andre Marriner,Match Report,,2020,0.0,1.0
24,3,Sun,2020-09-27,12:00,Sheffield Utd,1.4,0–1,1.2,Leeds United,,Bramall Lane,Paul Tierney,Match Report,,2020,0.0,1.0
25,3,Sun,2020-09-27,14:00,Tottenham,2.9,1–1,1.0,Newcastle Utd,,Tottenham Hotspur Stadium,Peter Bankes,Match Report,,2020,1.0,1.0
26,3,Sun,2020-09-27,16:30,Manchester City,0.9,2–5,2.9,Leicester City,,Etihad Stadium,Michael Oliver,Match Report,,2020,2.0,5.0
27,3,Sun,2020-09-27,19:00,West Ham,2.4,4–0,0.5,Wolves,,London Stadium,Martin Atkinson,Match Report,,2020,4.0,0.0
28,3,Mon,2020-09-28,17:45,Fulham,0.7,0–3,1.4,Aston Villa,,Craven Cottage,Stuart Attwell,Match Report,,2020,0.0,3.0
29,3,Mon,2020-09-28,20:00,Liverpool,2.7,3–1,1.3,Arsenal,,Anfield,Craig Pawson,Match Report,,2020,3.0,1.0
31,4,Sat,2020-10-03,12:30,Chelsea,2.7,4–0,0.2,Crystal Palace,,Stamford Bridge,Michael Oliver,Match Report,,2020,4.0,0.0
32,4,Sat,2020-10-03,15:00,Everton,1.6,4–2,1.3,Brighton,,Goodison Park,Simon Hooper,Match Report,,2020,4.0,2.0
33,4,Sat,2020-10-03,17:30,Leeds United,2.4,1–1,1.2,Manchester City,,Elland Road,Mike Dean,Match Report,,2020,1.0,1.0
34,4,Sat,2020-10-03,20:00,Newcastle Utd,1.8,3–1,0.4,Burnley,,St. James' Park,David Coote,Match Report,,2020,3.0,1.0
35,4,Sun,2020-10-04,12:00,Southampton,1.2,2–0,0.2,West Brom,,St. Mary's Stadium,Chris Kavanagh,Match Report,,2020,2.0,0.0
36,4,Sun,2020-10-04,12:00,Leicester City,0.6,0–3,2.0,West Ham,,King Power Stadium,Andy Madley,Match Report,,2020,0.0,3.0
37,4,Sun,2020-10-04,14:00,Arsenal,0.6,2–1,0.2,Sheffield Utd,,Emirates Stadium,Lee Mason,Match Report,,2020,2.0,1.0
38,4,Sun,2020-10-04,14:00,Wolves,1.2,1–0,0.9,Fulham,,Molineux Stadium,Darren England,Match Report,,2020,1.0,0.0
39,4,Sun,2020-10-04,16:30,Manchester Utd,0.9,1–6,3.4,Tottenham,,Old Trafford,Anthony Taylor,Match Report,,2020,1.0,6.0
40,4,Sun,2020-10-04,19:15,Aston Villa,2.7,7–2,1.8,Liverpool,,Villa Park,Martin Atkinson,Match Report,,2020,7.0,2.0
42,5,Sat,2020-10-17,12:30,Everton,1.2,2–2,2.6,Liverpool,,Goodison Park,Michael Oliver,Match Report,,2020,2.0,2.0
43,5,Sat,2020-10-17,15:00,Chelsea,1.8,3–3,1.9,Southampton,,Stamford Bridge,Peter Bankes,Match Report,,2020,3.0,3.0
44,5,Sat,2020-10-17,17:30,Manchester City,1.3,1–0,0.9,Arsenal,,Etihad Stadium,Chris Kavanagh,Match Report,,2020,1.0,0.0
45,5,Sat,2020-10-17,20:00,Newcastle Utd,0.9,1–4,2.3,Manchester Utd,,St. James' Park,Craig Pawson,Match Report,,2020,1.0,4.0
46,5,Sun,2020-10-18,12:00,Sheffield Utd,1.7,1–1,1.5,Fulham,,Bramall Lane,Andre Marriner,Match Report,,2020,1.0,1.0
47,5,Sun,2020-10-18,14:00,Crystal Palace,0.8,1–1,1.7,Brighton,,Selhurst Park,Stuart Attwell,Match Report,,2020,1.0,1.0
48,5,Sun,2020-10-18,16:30,Tottenham,1.7,3–3,1.9,West Ham,,Tottenham Hotspur Stadium,Paul Tierney,Match Report,,2020,3.0,3.0
49,5,Sun,2020-10-18,19:15,Leicester City,0.6,0–1,0.7,Aston Villa,,King Power Stadium,Jonathan Moss,Match Report,,2020,0.0,1.0
50,5,Mon,2020-10-19,17:30,West Brom,0.8,0–0,1.1,Burnley,,The Hawthorns,Anthony Taylor,Match Report,,2020,0.0,0.0
51,5,Mon,2020-10-19,20:00,Leeds United,1.0,0–1,0.4,Wolves,,Elland Road,David Coote,Match Report,,2020,0.0,1.0
53,6,Fri,2020-10-23,20:00,Aston Villa,1.4,0–3,2.7,Leeds United,,Villa Park,Paul Tierney,Match Report,,2020,0.0,3.0
54,6,Sat,2020-10-24,12:30,West Ham,0.3,1–1,1.0,Manchester City,,London Stadium,Anthony Taylor,Match Report,,2020,1.0,1.0
55,6,Sat,2020-10-24,15:00,Fulham,1.1,1–2,2.5,Crystal Palace,,Craven Cottage,Graham Scott,Match Report,,2020,1.0,2.0
56,6,Sat,2020-10-24,17:30,Manchester Utd,0.6,0–0,0.2,Chelsea,,Old Trafford,Martin Atkinson,Match Report,,2020,0.0,0.0
57,6,Sat,2020-10-24,20:00,Liverpool,2.3,2–1,1.6,Sheffield Utd,,Anfield,Mike Dean,Match Report,,2020,2.0,1.0
58,6,Sun,2020-10-25,14:00,Southampton,0.7,2–0,0.4,Everton,,St. Mary's Stadium,Kevin Friend,Match Report,,2020,2.0,0.0
59,6,Sun,2020-10-25,16:30,Wolves,0.7,1–1,0.3,Newcastle Utd,,Molineux Stadium,Lee Mason,Match Report,,2020,1.0,1.0
60,6,Sun,2020-10-25,19:15,Arsenal,0.7,0–1,0.7,Leicester City,,Emirates Stadium,Craig Pawson,Match Report,,2020,0.0,1.0
61,6,Mon,2020-10-26,17:30,Brighton,0.5,1–1,0.4,West Brom,,The American Express Community Stadium,Jonathan Moss,Match Report,,2020,1.0,1.0
62,6,Mon,2020-10-26,20:00,Burnley,1.0,0–1,0.6,Tottenham,,Turf Moor,Michael Oliver,Match Report,,2020,0.0,1.0
64,7,Fri,2020-10-30,20:00,Wolves,1.3,2–0,0.7,Crystal Palace,,Molineux Stadium,Martin Atkinson,Match Report,,2020,2.0,0.0
65,7,Sat,2020-10-31,12:30,Sheffield Utd,0.5,0–1,1.6,Manchester City,,Bramall Lane,Michael Oliver,Match Report,,2020,0.0,1.0
66,7,Sat,2020-10-31,15:00,Burnley,0.5,0–3,0.9,Chelsea,,Turf Moor,David Coote,Match Report,,2020,0.0,3.0
67,7,Sat,2020-10-31,17:30,Liverpool,1.7,2–1,0.3,West Ham,,Anfield,Kevin Friend,Match Report,,2020,2.0,1.0
68,7,Sun,2020-11-01,12:00,Aston Villa,1.9,3–4,0.7,Southampton,,Villa Park,Darren England,Match Report,,2020,3.0,4.0
69,7,Sun,2020-11-01,14:00,Newcastle Utd,2.9,2–1,1.5,Everton,,St. James' Park,Stuart Attwell,Match Report,,2020,2.0,1.0
70,7,Sun,2020-11-01,16:30,Manchester Utd,0.4,0–1,1.0,Arsenal,,Old Trafford,Mike Dean,Match Report,,2020,0.0,1.0
71,7,Sun,2020-11-01,19:15,Tottenham,1.7,2–1,0.3,Brighton,,Tottenham Hotspur Stadium,Graham Scott,Match Report,,2020,2.0,1.0
72,7,Mon,2020-11-02,17:30,Fulham,1.5,2–0,0.5,West Brom,,Craven Cottage,Simon Hooper,Match Report,,2020,2.0,0.0
73,7,Mon,2020-11-02,20:00,Leeds United,2.1,1–4,2.9,Leicester City,,Elland Road,Andre Marriner,Match Report,,2020,1.0,4.0
75,8,Fri,2020-11-06,17:30,Brighton,1.5,0–0,0.5,Burnley,,The American Express Community Stadium,Mike Dean,Match Report,,2020,0.0,0.0
76,8,Fri,2020-11-06,20:00,Southampton,0.7,2–0,0.3,Newcastle Utd,,St. Mary's Stadium,Peter Bankes,Match Report,,2020,2.0,0.0
77,8,Sat,2020-11-07,12:30,Everton,0.4,1–3,1.5,Manchester Utd,,Goodison Park,Paul Tierney,Match Report,,2020,1.0,3.0
78,8,Sat,2020-11-07,15:00,Crystal Palace,0.9,4–1,0.8,Leeds United,,Selhurst Park,Chris Kavanagh,Match Report,,2020,4.0,1.0
79,8,Sat,2020-11-07,17:30,Chelsea,2.2,4–1,0.4,Sheffield Utd,,Stamford Bridge,Jonathan Moss,Match Report,,2020,4.0,1.0
80,8,Sat,2020-11-07,20:00,West Ham,1.3,1–0,1.7,Fulham,,London Stadium,Robert Jones,Match Report,,2020,1.0,0.0
81,8,Sun,2020-11-08,12:00,West Brom,0.8,0–1,1.9,Tottenham,,The Hawthorns,Andy Madley,Match Report,,2020,0.0,1.0
82,8,Sun,2020-11-08,14:00,Leicester City,2.0,1–0,0.8,Wolves,,King Power Stadium,Anthony Taylor,Match Report,,2020,1.0,0.0
83,8,Sun,2020-11-08,16:30,Manchester City,1.4,1–1,1.2,Liverpool,,Etihad Stadium,Craig Pawson,Match Report,,2020,1.0,1.0
84,8,Sun,2020-11-08,19:15,Arsenal,1.5,0–3,1.8,Aston Villa,,Emirates Stadium,Martin Atkinson,Match Report,,2020,0.0,3.0
86,9,Sat,2020-11-21,12:30,Newcastle Utd,0.3,0–2,1.5,Chelsea,,St. James' Park,Craig Pawson,Match Report,,2020,0.0,2.0
87,9,Sat,2020-11-21,15:00,Aston Villa,1.5,1–2,1.4,Brighton,,Villa Park,Michael Oliver,Match Report,,2020,1.0,2.0
88,9,Sat,2020-11-21,17:30,Tottenham,0.7,2–0,1.4,Manchester City,,Tottenham Hotspur Stadium,Mike Dean,Match Report,,2020,2.0,0.0
89,9,Sat,2020-11-21,20:00,Manchester Utd,2.4,1–0,0.6,West Brom,,Old Trafford,David Coote,Match Report,,2020,1.0,0.0
90,9,Sun,2020-11-22,12:00,Fulham,1.9,2–3,2.0,Everton,,Craven Cottage,Andy Madley,Match Report,,2020,2.0,3.0
91,9,Sun,2020-11-22,14:00,Sheffield Utd,0.9,0–1,2.1,West Ham,,Bramall Lane,Martin Atkinson,Match Report,,2020,0.0,1.0
92,9,Sun,2020-11-22,16:30,Leeds United,1.8,0–0,0.9,Arsenal,,Elland Road,Anthony Taylor,Match Report,,2020,0.0,0.0
93,9,Sun,2020-11-22,19:15,Liverpool,3.1,3–0,1.6,Leicester City,,Anfield,Chris Kavanagh,Match Report,,2020,3.0,0.0
94,9,Mon,2020-11-23,17:30,Burnley,1.5,1–0,1.5,Crystal Palace,,Turf Moor,Kevin Friend,Match Report,,2020,1.0,0.0
95,9,Mon,2020-11-23,20:00,Wolves,1.5,1–1,1.0,Southampton,,Molineux Stadium,Andre Marriner,Match Report,,2020,1.0,1.0
97,10,Fri,2020-11-27,20:00,Crystal Palace,0.6,0–2,1.3,Newcastle Utd,,Selhurst Park,Graham Scott,Match Report,,2020,0.0,2.0
98,10,Sat,2020-11-28,12:30,Brighton,2.3,1–1,0.2,Liverpool,,The American Express Community Stadium,Stuart Attwell,Match Report,,2020,1.0,1.0
99,10,Sat,2020-11-28,15:00,Manchester City,1.7,5–0,0.5,Burnley,,Etihad Stadium,Lee Mason,Match Report,,2020,5.0,0.0
100,10,Sat,2020-11-28,17:30,Everton,1.2,0–1,2.9,Leeds United,,Goodison Park,Chris Kavanagh,Match Report,,2020,0.0,1.0
101,10,Sat,2020-11-28,20:00,West Brom,1.2,1–0,2.9,Sheffield Utd,,The Hawthorns,Mike Dean,Match Report,,2020,1.0,0.0
102,10,Sun,2020-11-29,14:00,Southampton,0.5,2–3,2.1,Manchester Utd,,St. Mary's Stadium,Jonathan Moss,Match Report,,2020,2.0,3.0
103,10,Sun,2020-11-29,16:30,Chelsea,0.8,0–0,0.2,Tottenham,,Stamford Bridge,Paul Tierney,Match Report,,2020,0.0,0.0
104,10,Sun,2020-11-29,19:15,Arsenal,1.5,1–2,1.8,Wolves,,Emirates Stadium,Michael Oliver,Match Report,,2020,1.0,2.0
105,10,Mon,2020-11-30,17:30,Leicester City,1.2,1–2,2.2,Fulham,,King Power Stadium,Simon Hooper,Match Report,,2020,1.0,2.0
106,10,Mon,2020-11-30,20:00,West Ham,0.4,2–1,2.5,Aston Villa,,London Stadium,Peter Bankes,Match Report,,2020,2.0,1.0
108,11,Sat,2020-12-05,12:30,Burnley,0.8,1–1,2.2,Everton,,Turf Moor,Anthony Taylor,Match Report,,2020,1.0,1.0
109,11,Sat,2020-12-05,15:00,Manchester City,2.9,2–0,0.3,Fulham,,Etihad Stadium,Jonathan Moss,Match Report,,2020,2.0,0.0
110,11,Sat,2020-12-05,17:30,West Ham,2.0,1–3,1.7,Manchester Utd,"2,000",London Stadium,Andre Marriner,Match Report,,2020,1.0,3.0
111,11,Sat,2020-12-05,20:00,Chelsea,4.1,3–1,0.8,Leeds United,"2,000",Stamford Bridge,Kevin Friend,Match Report,,2020,3.0,1.0
112,11,Sun,2020-12-06,12:00,West Brom,0.7,1–5,1.6,Crystal Palace,,The Hawthorns,Paul Tierney,Match Report,,2020,1.0,5.0
113,11,Sun,2020-12-06,14:15,Sheffield Utd,0.2,1–2,1.4,Leicester City,,Bramall Lane,Stuart Attwell,Match Report,,2020,1.0,2.0
114,11,Sun,2020-12-06,16:30,Tottenham,0.3,2–0,0.6,Arsenal,"2,000",Tottenham Hotspur Stadium,Martin Atkinson,Match Report,,2020,2.0,0.0
115,11,Sun,2020-12-06,19:15,Liverpool,1.2,4–0,0.4,Wolves,"2,000",Anfield,Craig Pawson,Match Report,,2020,4.0,0.0
116,11,Mon,2020-12-07,20:00,Brighton,1.9,1–2,1.4,Southampton,"2,000",The American Express Community Stadium,David Coote,Match Report,,2020,1.0,2.0
118,12,Fri,2020-12-11,20:00,Leeds United,1.6,1–2,1.3,West Ham,,Elland Road,Michael Oliver,Match Report,,2020,1.0,2.0
119,12,Sat,2020-12-12,12:30,Wolves,1.1,0–1,1.4,Aston Villa,,Molineux Stadium,Mike Dean,Match Report,,2020,0.0,1.0
120,12,Sat,2020-12-12,15:00,Newcastle Utd,0.8,2–1,0.6,West Brom,,St. James' Park,Darren England,Match Report,,2020,2.0,1.0
121,12,Sat,2020-12-12,17:30,Manchester Utd,0.6,0–0,1.3,Manchester City,,Old Trafford,Chris Kavanagh,Match Report,,2020,0.0,0.0
122,12,Sat,2020-12-12,20:00,Everton,1.2,1–0,0.7,Chelsea,"2,000",Goodison Park,Jonathan Moss,Match Report,,2020,1.0,0.0
123,12,Sun,2020-12-13,12:00,Southampton,2.0,3–0,0.3,Sheffield Utd,"2,000",St. Mary's Stadium,Andy Madley,Match Report,,2020,3.0,0.0
124,12,Sun,2020-12-13,14:15,Crystal Palace,1.6,1–1,0.9,Tottenham,"2,000",Selhurst Park,Kevin Friend,Match Report,,2020,1.0,1.0
125,12,Sun,2020-12-13,16:30,Fulham,1.5,1–1,1.8,Liverpool,"2,000",Craven Cottage,Andre Marriner,Match Report,,2020,1.0,1.0
126,12,Sun,2020-12-13,19:15,Leicester City,1.5,3–0,0.9,Brighton,,King Power Stadium,Martin Atkinson,Match Report,,2020,3.0,0.0
127,12,Sun,2020-12-13,19:15,Arsenal,1.6,0–1,1.4,Burnley,"2,000",Emirates Stadium,Graham Scott,Match Report,,2020,0.0,1.0
129,13,Tue,2020-12-15,18:00,Wolves,0.5,2–1,1.0,Chelsea,,Molineux Stadium,Stuart Attwell,Match Report,,2020,2.0,1.0
130,13,Tue,2020-12-15,20:00,Manchester City,2.2,1–1,0.4,West Brom,,Etihad Stadium,Peter Bankes,Match Report,,2020,1.0,1.0
131,13,Wed,2020-12-16,18:00,Arsenal,0.6,1–1,1.2,Southampton,,Emirates Stadium,Paul Tierney,Match Report,,2020,1.0,1.0
132,13,Wed,2020-12-16,18:00,Leicester City,0.8,0–2,1.4,Everton,,King Power Stadium,Lee Mason,Match Report,,2020,0.0,2.0
133,13,Wed,2020-12-16,18:00,Leeds United,2.7,5–2,1.5,Newcastle Utd,,Elland Road,Simon Hooper,Match Report,,2020,5.0,2.0
134,13,Wed,2020-12-16,20:00,Liverpool,1.0,2–1,1.1,Tottenham,"2,000",Anfield,Anthony Taylor,Match Report,,2020,2.0,1.0
135,13,Wed,2020-12-16,20:00,West Ham,0.4,1–1,1.1,Crystal Palace,,London Stadium,David Coote,Match Report,,2020,1.0,1.0
136,13,Wed,2020-12-16,20:00,Fulham,1.0,0–0,0.5,Brighton,,Craven Cottage,Robert Jones,Match Report,,2020,0.0,0.0
137,13,Thu,2020-12-17,18:00,Aston Villa,1.5,0–0,0.3,Burnley,,Villa Park,Craig Pawson,Match Report,,2020,0.0,0.0
138,13,Thu,2020-12-17,20:00,Sheffield Utd,1.5,2–3,1.9,Manchester Utd,,Bramall Lane,Michael Oliver,Match Report,,2020,2.0,3.0
140,14,Sat,2020-12-19,12:30,Crystal Palace,0.3,0–7,2.5,Liverpool,,Selhurst Park,Jonathan Moss,Match Report,,2020,0.0,7.0
141,14,Sat,2020-12-19,15:00,Southampton,0.7,0–1,0.9,Manchester City,,St. Mary's Stadium,Mike Dean,Match Report,,2020,0.0,1.0
142,14,Sat,2020-12-19,17:30,Everton,0.6,2–1,1.4,Arsenal,,Goodison Park,Andre Marriner,Match Report,,2020,2.0,1.0
143,14,Sat,2020-12-19,20:00,Newcastle Utd,1.4,1–1,1.0,Fulham,,St. James' Park,Graham Scott,Match Report,,2020,1.0,1.0
144,14,Sun,2020-12-20,12:00,Brighton,2.8,1–1,0.5,Sheffield Utd,,The American Express Community Stadium,Peter Bankes,Match Report,,2020,1.0,1.0
145,14,Sun,2020-12-20,14:15,Tottenham,0.7,0–2,1.7,Leicester City,,Tottenham Hotspur Stadium,Craig Pawson,Match Report,,2020,0.0,2.0
146,14,Sun,2020-12-20,16:30,Manchester Utd,3.6,6–2,1.8,Leeds United,,Old Trafford,Anthony Taylor,Match Report,,2020,6.0,2.0
147,14,Sun,2020-12-20,19:15,West Brom,0.0,0–3,2.4,Aston Villa,,The Hawthorns,Martin Atkinson,Match Report,,2020,0.0,3.0
148,14,Mon,2020-12-21,17:30,Burnley,1.7,2–1,1.5,Wolves,,Turf Moor,Lee Mason,Match Report,,2020,2.0,1.0
149,14,Mon,2020-12-21,20:00,Chelsea,2.0,3–0,0.4,West Ham,,Stamford Bridge,Chris Kavanagh,Match Report,,2020,3.0,0.0
151,15,Sat,2020-12-26,12:30,Leicester City,0.9,2–2,1.7,Manchester Utd,,King Power Stadium,Mike Dean,Match Report,,2020,2.0,2.0
152,15,Sat,2020-12-26,15:00,Aston Villa,3.9,3–0,0.9,Crystal Palace,,Villa Park,Anthony Taylor,Match Report,,2020,3.0,0.0
153,15,Sat,2020-12-26,15:00,Fulham,0.7,0–0,0.2,Southampton,,Craven Cottage,Darren England,Match Report,,2020,0.0,0.0
154,15,Sat,2020-12-26,17:30,Arsenal,2.0,3–1,2.6,Chelsea,,Emirates Stadium,Michael Oliver,Match Report,,2020,3.0,1.0
155,15,Sat,2020-12-26,20:00,Sheffield Utd,1.4,0–1,0.7,Everton,,Bramall Lane,David Coote,Match Report,,2020,0.0,1.0
156,15,Sat,2020-12-26,20:00,Manchester City,3.0,2–0,0.3,Newcastle Utd,,Etihad Stadium,Andre Marriner,Match Report,,2020,2.0,0.0
157,15,Sun,2020-12-27,12:00,Leeds United,1.9,1–0,1.5,Burnley,,Elland Road,Robert Jones,Match Report,,2020,1.0,0.0
158,15,Sun,2020-12-27,14:15,West Ham,1.3,2–2,1.1,Brighton,,London Stadium,Simon Hooper,Match Report,,2020,2.0,2.0
159,15,Sun,2020-12-27,16:30,Liverpool,1.5,1–1,0.6,West Brom,"2,000",Anfield,Kevin Friend,Match Report,,2020,1.0,1.0
160,15,Sun,2020-12-27,19:15,Wolves,0.9,1–1,0.4,Tottenham,,Molineux Stadium,Paul Tierney,Match Report,,2020,1.0,1.0
162,16,Mon,2020-12-28,15:00,Crystal Palace,0.5,1–1,1.9,Leicester City,,Selhurst Park,Graham Scott,Match Report,,2020,1.0,1.0
163,16,Mon,2020-12-28,17:30,Chelsea,1.7,1–1,0.7,Aston Villa,,Stamford Bridge,Stuart Attwell,Match Report,,2020,1.0,1.0
164,16,Tue,2020-12-29,18:00,West Brom,0.5,0–5,1.2,Leeds United,,The Hawthorns,Lee Mason,Match Report,,2020,0.0,5.0
165,16,Tue,2020-12-29,18:00,Southampton,0.6,0–0,1.2,West Ham,,St. Mary's Stadium,Andy Madley,Match Report,,2020,0.0,0.0
166,16,Tue,2020-12-29,18:00,Burnley,1.0,1–0,0.7,Sheffield Utd,,Turf Moor,Chris Kavanagh,Match Report,,2020,1.0,0.0
167,16,Tue,2020-12-29,18:00,Brighton,0.8,0–1,1.1,Arsenal,,The American Express Community Stadium,Martin Atkinson,Match Report,,2020,0.0,1.0
168,16,Tue,2020-12-29,20:00,Manchester Utd,1.5,1–0,0.5,Wolves,,Old Trafford,Jonathan Moss,Match Report,,2020,1.0,0.0
169,16,Wed,2020-12-30,20:00,Newcastle Utd,0.5,0–0,1.4,Liverpool,,St. James' Park,Paul Tierney,Match Report,,2020,0.0,0.0
171,17,Fri,2021-01-01,17:30,Everton,0.4,0–1,1.3,West Ham,,Goodison Park,Kevin Friend,Match Report,,2020,0.0,1.0
172,17,Fri,2021-01-01,20:00,Manchester Utd,2.1,2–1,1.4,Aston Villa,,Old Trafford,Michael Oliver,Match Report,,2020,2.0,1.0
173,17,Sat,2021-01-02,12:30,Tottenham,2.6,3–0,1.1,Leeds United,,Tottenham Hotspur Stadium,David Coote,Match Report,,2020,3.0,0.0
174,17,Sat,2021-01-02,15:00,Crystal Palace,0.6,2–0,0.4,Sheffield Utd,,Selhurst Park,Stuart Attwell,Match Report,,2020,2.0,0.0
175,17,Sat,2021-01-02,17:30,Brighton,2.2,3–3,1.6,Wolves,,The American Express Community Stadium,Andy Madley,Match Report,,2020,3.0,3.0
176,17,Sat,2021-01-02,20:00,West Brom,1.0,0–4,3.7,Arsenal,,The Hawthorns,Martin Atkinson,Match Report,,2020,0.0,4.0
177,17,Sun,2021-01-03,14:15,Newcastle Utd,0.5,1–2,0.6,Leicester City,,St. James' Park,Robert Jones,Match Report,,2020,1.0,2.0
178,17,Sun,2021-01-03,16:30,Chelsea,0.8,1–3,2.7,Manchester City,,Stamford Bridge,Anthony Taylor,Match Report,,2020,1.0,3.0
179,17,Mon,2021-01-04,20:00,Southampton,0.4,1–0,1.5,Liverpool,,St. Mary's Stadium,Andre Marriner,Match Report,,2020,1.0,0.0
181,18,Tue,2021-01-12,18:00,Sheffield Utd,2.1,1–0,0.6,Newcastle Utd,,Bramall Lane,Andy Madley,Match Report,,2020,1.0,0.0
183,1,Tue,2021-01-12,20:15,Burnley,0.9,0–1,1.2,Manchester Utd,,Turf Moor,Kevin Friend,Match Report,,2020,0.0,1.0
185,18,Tue,2021-01-12,20:15,Wolves,0.7,1–2,0.6,Everton,,Molineux Stadium,Martin Atkinson,Match Report,,2020,1.0,2.0
186,18,Wed,2021-01-13,18:00,Manchester City,2.0,1–0,0.2,Brighton,,Etihad Stadium,Darren England,Match Report,,2020,1.0,0.0
188,16,Wed,2021-01-13,20:15,Tottenham,2.4,1–1,1.1,Fulham,,Tottenham Hotspur Stadium,Paul Tierney,Match Report,,2020,1.0,1.0
190,18,Thu,2021-01-14,20:00,Arsenal,0.4,0–0,0.8,Crystal Palace,,Emirates Stadium,Andre Marriner,Match Report,,2020,0.0,0.0
192,19,Sat,2021-01-16,12:30,Wolves,1.5,2–3,2.4,West Brom,,Molineux Stadium,Michael Oliver,Match Report,,2020,2.0,3.0
193,19,Sat,2021-01-16,15:00,West Ham,1.7,1–0,0.5,Burnley,,London Stadium,Chris Kavanagh,Match Report,,2020,1.0,0.0
194,19,Sat,2021-01-16,15:00,Leeds United,0.3,0–1,1.4,Brighton,,Elland Road,Kevin Friend,Match Report,,2020,0.0,1.0
195,19,Sat,2021-01-16,17:30,Fulham,0.7,0–1,1.6,Chelsea,,Craven Cottage,Peter Bankes,Match Report,,2020,0.0,1.0
196,19,Sat,2021-01-16,20:00,Leicester City,2.2,2–0,0.6,Southampton,,King Power Stadium,Stuart Attwell,Match Report,,2020,2.0,0.0
197,19,Sun,2021-01-17,14:00,Sheffield Utd,0.9,1–3,1.0,Tottenham,,Bramall Lane,Andre Marriner,Match Report,,2020,1.0,3.0
198,19,Sun,2021-01-17,16:30,Liverpool,1.2,0–0,1.1,Manchester Utd,,Anfield,Paul Tierney,Match Report,,2020,0.0,0.0
199,19,Sun,2021-01-17,19:15,Manchester City,0.7,4–0,0.1,Crystal Palace,,Etihad Stadium,Lee Mason,Match Report,,2020,4.0,0.0
200,19,Mon,2021-01-18,20:00,Arsenal,2.4,3–0,0.2,Newcastle Utd,,Emirates Stadium,David Coote,Match Report,,2020,3.0,0.0
202,18,Tue,2021-01-19,18:00,West Ham,2.0,2–1,0.5,West Brom,,London Stadium,Graham Scott,Match Report,,2020,2.0,1.0
203,18,Tue,2021-01-19,20:15,Leicester City,1.4,2–0,0.7,Chelsea,,King Power Stadium,Craig Pawson,Match Report,,2020,2.0,0.0
205,1,Wed,2021-01-20,18:00,Manchester City,3.4,2–0,0.6,Aston Villa,,Etihad Stadium,Jonathan Moss,Match Report,,2020,2.0,0.0
207,18,Wed,2021-01-20,20:15,Fulham,0.9,1–2,1.7,Manchester Utd,,Craven Cottage,Martin Atkinson,Match Report,,2020,1.0,2.0
208,18,Thu,2021-01-21,20:00,Liverpool,1.6,0–1,1.1,Burnley,,Anfield,Mike Dean,Match Report,,2020,0.0,1.0
210,11,Sat,2021-01-23,20:00,Aston Villa,2.3,2–0,0.5,Newcastle Utd,,Villa Park,Simon Hooper,Match Report,,2020,2.0,0.0
212,20,Tue,2021-01-26,18:00,Newcastle Utd,1.4,1–2,0.7,Leeds United,,St. James' Park,Anthony Taylor,Match Report,,2020,1.0,2.0
213,20,Tue,2021-01-26,18:00,Crystal Palace,0.7,2–3,2.8,West Ham,,Selhurst Park,Stuart Attwell,Match Report,,2020,2.0,3.0
214,20,Tue,2021-01-26,20:15,West Brom,0.5,0–5,1.8,Manchester City,,The Hawthorns,Chris Kavanagh,Match Report,,2020,0.0,5.0
215,20,Tue,2021-01-26,20:15,Southampton,0.8,1–3,2.2,Arsenal,,St. Mary's Stadium,Kevin Friend,Match Report,,2020,1.0,3.0
216,20,Wed,2021-01-27,18:00,Chelsea,0.7,0–0,0.5,Wolves,,Stamford Bridge,Andy Madley,Match Report,,2020,0.0,0.0
217,20,Wed,2021-01-27,18:00,Burnley,0.5,3–2,2.2,Aston Villa,,Turf Moor,Paul Tierney,Match Report,,2020,3.0,2.0
218,20,Wed,2021-01-27,19:30,Brighton,1.8,0–0,0.5,Fulham,,The American Express Community Stadium,Craig Pawson,Match Report,,2020,0.0,0.0
219,20,Wed,2021-01-27,20:15,Everton,0.5,1–1,1.2,Leicester City,,Goodison Park,Mike Dean,Match Report,,2020,1.0,1.0
220,20,Wed,2021-01-27,20:15,Manchester Utd,1.1,1–2,1.0,Sheffield Utd,,Old Trafford,Peter Bankes,Match Report,,2020,1.0,2.0
221,20,Thu,2021-01-28,20:00,Tottenham,0.1,1–3,2.5,Liverpool,,Tottenham Hotspur Stadium,Martin Atkinson,Match Report,,2020,1.0,3.0
223,21,Sat,2021-01-30,12:30,Everton,0.8,0–2,1.7,Newcastle Utd,,Goodison Park,Stuart Attwell,Match Report,,2020,0.0,2.0
224,21,Sat,2021-01-30,15:00,Crystal Palace,1.4,1–0,0.4,Wolves,,Selhurst Park,Simon Hooper,Match Report,,2020,1.0,0.0
225,21,Sat,2021-01-30,15:00,Manchester City,1.5,1–0,0.2,Sheffield Utd,,Etihad Stadium,David Coote,Match Report,,2020,1.0,0.0
226,21,Sat,2021-01-30,15:00,West Brom,1.0,2–2,1.3,Fulham,,The Hawthorns,Anthony Taylor,Match Report,,2020,2.0,2.0
227,21,Sat,2021-01-30,17:30,Arsenal,0.9,0–0,1.6,Manchester Utd,,Emirates Stadium,Michael Oliver,Match Report,,2020,0.0,0.0
228,21,Sat,2021-01-30,20:00,Southampton,1.9,0–1,0.6,Aston Villa,,St. Mary's Stadium,Lee Mason,Match Report,,2020,0.0,1.0
229,21,Sun,2021-01-31,12:00,Chelsea,1.2,2–0,0.2,Burnley,,Stamford Bridge,Graham Scott,Match Report,,2020,2.0,0.0
230,21,Sun,2021-01-31,14:00,Leicester City,1.8,1–3,2.1,Leeds United,,King Power Stadium,Chris Kavanagh,Match Report,,2020,1.0,3.0
231,21,Sun,2021-01-31,16:30,West Ham,0.8,1–3,2.0,Liverpool,,London Stadium,Jonathan Moss,Match Report,,2020,1.0,3.0
232,21,Sun,2021-01-31,19:15,Brighton,1.6,1–0,0.4,Tottenham,,The American Express Community Stadium,Peter Bankes,Match Report,,2020,1.0,0.0
234,22,Tue,2021-02-02,18:00,Sheffield Utd,1.3,2–1,1.6,West Brom,,Bramall Lane,Paul Tierney,Match Report,,2020,2.0,1.0
235,22,Tue,2021-02-02,18:00,Wolves,1.5,2–1,0.8,Arsenal,,Molineux Stadium,Craig Pawson,Match Report,,2020,2.0,1.0
236,22,Tue,2021-02-02,20:15,Manchester Utd,4.7,9–0,0.5,Southampton,,Old Trafford,Mike Dean,Match Report,,2020,9.0,0.0
237,22,Tue,2021-02-02,20:15,Newcastle Utd,1.9,1–2,0.7,Crystal Palace,,St. James' Park,Darren England,Match Report,,2020,1.0,2.0
238,22,Wed,2021-02-03,18:00,Burnley,0.1,0–2,2.0,Manchester City,,Turf Moor,Martin Atkinson,Match Report,,2020,0.0,2.0
239,22,Wed,2021-02-03,18:00,Fulham,0.6,0–2,1.4,Leicester City,,Craven Cottage,Robert Jones,Match Report,,2020,0.0,2.0
240,22,Wed,2021-02-03,19:30,Leeds United,1.3,1–2,1.6,Everton,,Elland Road,Michael Oliver,Match Report,,2020,1.0,2.0
241,22,Wed,2021-02-03,20:15,Liverpool,1.0,0–1,1.3,Brighton,,Anfield,Kevin Friend,Match Report,,2020,0.0,1.0
242,22,Wed,2021-02-03,20:15,Aston Villa,0.7,1–3,1.7,West Ham,,Villa Park,Andy Madley,Match Report,,2020,1.0,3.0
243,22,Thu,2021-02-04,20:00,Tottenham,0.6,0–1,1.6,Chelsea,,Tottenham Hotspur Stadium,Andre Marriner,Match Report,,2020,0.0,1.0
245,23,Sat,2021-02-06,12:30,Aston Villa,1.2,1–0,0.8,Arsenal,,Villa Park,Chris Kavanagh,Match Report,,2020,1.0,0.0
246,23,Sat,2021-02-06,15:00,Burnley,1.8,1–1,0.5,Brighton,,Turf Moor,Anthony Taylor,Match Report,,2020,1.0,1.0
247,23,Sat,2021-02-06,15:00,Newcastle Utd,0.7,3–2,1.3,Southampton,,St. James' Park,Craig Pawson,Match Report,,2020,3.0,2.0
248,23,Sat,2021-02-06,17:30,Fulham,1.5,0–0,1.0,West Ham,,Craven Cottage,Mike Dean,Match Report,,2020,0.0,0.0
249,23,Sat,2021-02-06,20:00,Manchester Utd,1.8,3–3,1.5,Everton,,Old Trafford,Jonathan Moss,Match Report,,2020,3.0,3.0
250,23,Sun,2021-02-07,12:00,Tottenham,1.5,2–0,0.6,West Brom,,Tottenham Hotspur Stadium,Stuart Attwell,Match Report,,2020,2.0,0.0
251,23,Sun,2021-02-07,14:00,Wolves,1.1,0–0,0.8,Leicester City,,Molineux Stadium,Martin Atkinson,Match Report,,2020,0.0,0.0
252,23,Sun,2021-02-07,16:30,Liverpool,1.2,1–4,3.5,Manchester City,,Anfield,Michael Oliver,Match Report,,2020,1.0,4.0
253,23,Sun,2021-02-07,19:15,Sheffield Utd,0.6,1–2,1.6,Chelsea,,Bramall Lane,Kevin Friend,Match Report,,2020,1.0,2.0
254,23,Mon,2021-02-08,20:00,Leeds United,1.9,2–0,0.4,Crystal Palace,,Elland Road,Andre Marriner,Match Report,,2020,2.0,0.0
256,24,Sat,2021-02-13,12:30,Leicester City,1.9,3–1,1.7,Liverpool,,King Power Stadium,Anthony Taylor,Match Report,,2020,3.0,1.0
257,24,Sat,2021-02-13,15:00,Crystal Palace,0.5,0–3,1.4,Burnley,,Selhurst Park,Michael Oliver,Match Report,,2020,0.0,3.0
258,24,Sat,2021-02-13,17:30,Manchester City,2.2,3–0,0.3,Tottenham,,Etihad Stadium,Paul Tierney,Match Report,,2020,3.0,0.0
259,24,Sat,2021-02-13,20:00,Brighton,2.2,0–0,0.1,Aston Villa,,The American Express Community Stadium,Darren England,Match Report,,2020,0.0,0.0
260,24,Sun,2021-02-14,12:00,Southampton,0.8,1–2,1.1,Wolves,,St. Mary's Stadium,Graham Scott,Match Report,,2020,1.0,2.0
261,24,Sun,2021-02-14,14:00,West Brom,1.0,1–1,0.5,Manchester Utd,,The Hawthorns,Craig Pawson,Match Report,,2020,1.0,1.0
262,24,Sun,2021-02-14,16:30,Arsenal,2.3,4–2,0.9,Leeds United,,Emirates Stadium,Stuart Attwell,Match Report,,2020,4.0,2.0
263,24,Sun,2021-02-14,19:00,Everton,0.3,0–2,2.5,Fulham,,Goodison Park,Andy Madley,Match Report,,2020,0.0,2.0
264,24,Mon,2021-02-15,18:00,West Ham,1.9,3–0,0.7,Sheffield Utd,,London Stadium,Simon Hooper,Match Report,,2020,3.0,0.0
265,24,Mon,2021-02-15,20:00,Chelsea,2.2,2–0,0.6,Newcastle Utd,,Stamford Bridge,Peter Bankes,Match Report,,2020,2.0,0.0
267,17,Wed,2021-02-17,18:00,Burnley,0.9,1–1,0.5,Fulham,,Turf Moor,Jonathan Moss,Match Report,,2020,1.0,1.0
269,16,Wed,2021-02-17,20:15,Everton,1.0,1–3,1.0,Manchester City,,Goodison Park,Andre Marriner,Match Report,,2020,1.0,3.0
271,25,Fri,2021-02-19,20:00,Wolves,0.6,1–0,1.7,Leeds United,,Molineux Stadium,David Coote,Match Report,,2020,1.0,0.0
272,25,Sat,2021-02-20,12:30,Southampton,0.6,1–1,1.2,Chelsea,,St. Mary's Stadium,Anthony Taylor,Match Report,,2020,1.0,1.0
273,25,Sat,2021-02-20,15:00,Burnley,0.5,0–0,1.6,West Brom,,Turf Moor,Mike Dean,Match Report,,2020,0.0,0.0
274,25,Sat,2021-02-20,17:30,Liverpool,1.4,0–2,1.6,Everton,,Anfield,Chris Kavanagh,Match Report,,2020,0.0,2.0
275,25,Sat,2021-02-20,20:00,Fulham,1.2,1–0,0.9,Sheffield Utd,,Craven Cottage,Martin Atkinson,Match Report,,2020,1.0,0.0
276,25,Sun,2021-02-21,12:00,West Ham,1.1,2–1,1.1,Tottenham,,London Stadium,Craig Pawson,Match Report,,2020,2.0,1.0
277,25,Sun,2021-02-21,14:05,Aston Villa,1.4,1–2,1.1,Leicester City,,Villa Park,Michael Oliver,Match Report,,2020,1.0,2.0
278,25,Sun,2021-02-21,16:30,Arsenal,0.3,0–1,1.8,Manchester City,,Emirates Stadium,Jonathan Moss,Match Report,,2020,0.0,1.0
279,25,Sun,2021-02-21,19:00,Manchester Utd,1.7,3–1,0.4,Newcastle Utd,,Old Trafford,Paul Tierney,Match Report,,2020,3.0,1.0
280,25,Mon,2021-02-22,20:00,Brighton,2.4,1–2,0.2,Crystal Palace,,The American Express Community Stadium,Kevin Friend,Match Report,,2020,1.0,2.0
282,18,Tue,2021-02-23,18:00,Leeds United,1.3,3–0,0.9,Southampton,,Elland Road,Andre Marriner,Match Report,,2020,3.0,0.0
284,26,Sat,2021-02-27,12:30,Manchester City,0.5,2–1,1.5,West Ham,,Etihad Stadium,Michael Oliver,Match Report,,2020,2.0,1.0
285,26,Sat,2021-02-27,15:00,West Brom,0.8,1–0,2.9,Brighton,,The Hawthorns,Lee Mason,Match Report,,2020,1.0,0.0
286,26,Sat,2021-02-27,17:30,Leeds United,0.9,0–1,0.7,Aston Villa,,Elland Road,Peter Bankes,Match Report,,2020,0.0,1.0
287,26,Sat,2021-02-27,20:00,Newcastle Utd,1.7,1–1,1.1,Wolves,,St. James' Park,Mike Dean,Match Report,,2020,1.0,1.0
288,26,Sun,2021-02-28,12:00,Crystal Palace,0.1,0–0,1.4,Fulham,,Selhurst Park,Anthony Taylor,Match Report,,2020,0.0,0.0
289,26,Sun,2021-02-28,12:00,Leicester City,0.4,1–3,2.3,Arsenal,,King Power Stadium,Paul Tierney,Match Report,,2020,1.0,3.0
290,26,Sun,2021-02-28,14:00,Tottenham,2.1,4–0,0.7,Burnley,,Tottenham Hotspur Stadium,Kevin Friend,Match Report,,2020,4.0,0.0
291,26,Sun,2021-02-28,16:30,Chelsea,1.1,0–0,0.4,Manchester Utd,,Stamford Bridge,Stuart Attwell,Match Report,,2020,0.0,0.0
292,26,Sun,2021-02-28,19:15,Sheffield Utd,0.7,0–2,2.7,Liverpool,,Bramall Lane,Jonathan Moss,Match Report,,2020,0.0,2.0
293,26,Mon,2021-03-01,20:00,Everton,1.2,1–0,0.6,Southampton,,Goodison Park,Martin Atkinson,Match Report,,2020,1.0,0.0
295,29,Tue,2021-03-02,20:00,Manchester City,3.3,4–1,0.3,Wolves,,Etihad Stadium,Chris Kavanagh,Match Report,,2020,4.0,1.0
296,29,Wed,2021-03-03,18:00,Sheffield Utd,0.9,1–0,2.3,Aston Villa,,Bramall Lane,Robert Jones,Match Report,,2020,1.0,0.0
297,29,Wed,2021-03-03,18:00,Burnley,1.8,1–1,1.2,Leicester City,,Turf Moor,Andy Madley,Match Report,,2020,1.0,1.0
298,29,Wed,2021-03-03,20:15,Crystal Palace,0.9,0–0,0.9,Manchester Utd,,Selhurst Park,Andre Marriner,Match Report,,2020,0.0,0.0
299,29,Thu,2021-03-04,18:00,West Brom,1.0,0–1,1.0,Everton,,The Hawthorns,Darren England,Match Report,,2020,0.0,1.0
301,33,Thu,2021-03-04,18:00,Fulham,0.7,0–1,1.6,Tottenham,,Craven Cottage,David Coote,Match Report,,2020,0.0,1.0
303,29,Thu,2021-03-04,20:15,Liverpool,0.3,0–1,1.0,Chelsea,,Anfield,Martin Atkinson,Match Report,,2020,0.0,1.0
305,27,Sat,2021-03-06,12:30,Burnley,1.1,1–1,2.5,Arsenal,,Turf Moor,Andre Marriner,Match Report,,2020,1.0,1.0
306,27,Sat,2021-03-06,15:00,Sheffield Utd,0.7,0–2,1.9,Southampton,,Bramall Lane,Paul Tierney,Match Report,,2020,0.0,2.0
307,27,Sat,2021-03-06,17:30,Aston Villa,0.6,0–0,1.6,Wolves,,Villa Park,Andy Madley,Match Report,,2020,0.0,0.0
308,27,Sat,2021-03-06,20:00,Brighton,0.8,1–2,0.9,Leicester City,,The American Express Community Stadium,Michael Oliver,Match Report,,2020,1.0,2.0
309,27,Sun,2021-03-07,12:00,West Brom,2.0,0–0,0.5,Newcastle Utd,,The Hawthorns,Martin Atkinson,Match Report,,2020,0.0,0.0
310,27,Sun,2021-03-07,14:00,Liverpool,0.9,0–1,1.3,Fulham,,Anfield,Kevin Friend,Match Report,,2020,0.0,1.0
311,27,Sun,2021-03-07,16:30,Manchester City,1.3,0–2,1.7,Manchester Utd,,Etihad Stadium,Anthony Taylor,Match Report,,2020,0.0,2.0
312,27,Sun,2021-03-07,19:15,Tottenham,2.7,4–1,0.5,Crystal Palace,,Tottenham Hotspur Stadium,Stuart Attwell,Match Report,,2020,4.0,1.0
313,27,Mon,2021-03-08,18:00,Chelsea,2.4,2–0,0.3,Everton,,Stamford Bridge,David Coote,Match Report,,2020,2.0,0.0
314,27,Mon,2021-03-08,20:00,West Ham,1.8,2–0,1.4,Leeds United,,London Stadium,Mike Dean,Match Report,,2020,2.0,0.0
316,33,Wed,2021-03-10,18:00,Manchester City,2.6,5–2,1.6,Southampton,,Etihad Stadium,Jonathan Moss,Match Report,,2020,5.0,2.0
318,28,Fri,2021-03-12,20:00,Newcastle Utd,1.5,1–1,0.9,Aston Villa,,St. James' Park,Paul Tierney,Match Report,,2020,1.0,1.0
319,28,Sat,2021-03-13,12:30,Leeds United,0.4,0–0,1.0,Chelsea,,Elland Road,Kevin Friend,Match Report,,2020,0.0,0.0
320,28,Sat,2021-03-13,15:00,Crystal Palace,1.2,1–0,0.8,West Brom,,Selhurst Park,Simon Hooper,Match Report,,2020,1.0,0.0
321,28,Sat,2021-03-13,17:30,Everton,1.5,1–2,0.8,Burnley,,Goodison Park,Jonathan Moss,Match Report,,2020,1.0,2.0
322,28,Sat,2021-03-13,20:00,Fulham,0.3,0–3,2.2,Manchester City,,Craven Cottage,Andre Marriner,Match Report,,2020,0.0,3.0
323,28,Sun,2021-03-14,12:00,Southampton,0.6,1–2,0.8,Brighton,,St. Mary's Stadium,Stuart Attwell,Match Report,,2020,1.0,2.0
324,28,Sun,2021-03-14,14:00,Leicester City,4.0,5–0,0.1,Sheffield Utd,,King Power Stadium,Peter Bankes,Match Report,,2020,5.0,0.0
325,28,Sun,2021-03-14,16:30,Arsenal,1.7,2–1,0.4,Tottenham,,Emirates Stadium,Michael Oliver,Match Report,,2020,2.0,1.0
326,28,Sun,2021-03-14,19:15,Manchester Utd,1.5,1–0,0.6,West Ham,,Old Trafford,Martin Atkinson,Match Report,,2020,1.0,0.0
327,28,Mon,2021-03-15,20:00,Wolves,1.1,0–1,0.9,Liverpool,,Molineux Stadium,Craig Pawson,Match Report,,2020,0.0,1.0
329,29,Fri,2021-03-19,20:00,Fulham,1.6,1–2,1.3,Leeds United,,Craven Cottage,David Coote,Match Report,,2020,1.0,2.0
330,29,Sat,2021-03-20,20:00,Brighton,0.9,3–0,0.1,Newcastle Utd,,The American Express Community Stadium,Anthony Taylor,Match Report,,2020,3.0,0.0
331,29,Sun,2021-03-21,15:00,West Ham,2.4,3–3,1.4,Arsenal,,London Stadium,Jonathan Moss,Match Report,,2020,3.0,3.0
333,18,Sun,2021-03-21,19:30,Aston Villa,0.4,0–2,1.8,Tottenham,,Villa Park,Mike Dean,Match Report,,2020,0.0,2.0
335,30,Sat,2021-04-03,12:30,Chelsea,2.1,2–5,1.6,West Brom,,Stamford Bridge,David Coote,Match Report,,2020,2.0,5.0
336,30,Sat,2021-04-03,15:00,Leeds United,2.4,2–1,1.1,Sheffield Utd,,Elland Road,Graham Scott,Match Report,,2020,2.0,1.0
337,30,Sat,2021-04-03,17:30,Leicester City,0.3,0–2,1.4,Manchester City,,King Power Stadium,Anthony Taylor,Match Report,,2020,0.0,2.0
338,30,Sat,2021-04-03,20:00,Arsenal,0.1,0–3,2.4,Liverpool,,Emirates Stadium,Stuart Attwell,Match Report,,2020,0.0,3.0
339,30,Sun,2021-04-04,12:00,Southampton,2.2,3–2,1.5,Burnley,,St. Mary's Stadium,Andre Marriner,Match Report,,2020,3.0,2.0
340,30,Sun,2021-04-04,14:05,Newcastle Utd,3.4,2–2,2.7,Tottenham,,St. James' Park,Craig Pawson,Match Report,,2020,2.0,2.0
341,30,Sun,2021-04-04,16:30,Aston Villa,1.5,3–1,1.0,Fulham,,Villa Park,Andy Madley,Match Report,,2020,3.0,1.0
342,30,Sun,2021-04-04,19:30,Manchester Utd,1.5,2–1,1.2,Brighton,,Old Trafford,Mike Dean,Match Report,,2020,2.0,1.0
343,30,Mon,2021-04-05,18:00,Everton,2.5,1–1,0.7,Crystal Palace,,Goodison Park,Kevin Friend,Match Report,,2020,1.0,1.0
344,30,Mon,2021-04-05,20:15,Wolves,2.1,2–3,1.3,West Ham,,Molineux Stadium,Michael Oliver,Match Report,,2020,2.0,3.0
346,31,Fri,2021-04-09,20:00,Fulham,0.9,0–1,0.5,Wolves,,Craven Cottage,Jonathan Moss,Match Report,,2020,0.0,1.0
347,31,Sat,2021-04-10,12:30,Manchester City,2.1,1–2,0.1,Leeds United,,Etihad Stadium,Andre Marriner,Match Report,,2020,1.0,2.0
348,31,Sat,2021-04-10,15:00,Liverpool,2.3,2–1,0.5,Aston Villa,,Anfield,Paul Tierney,Match Report,,2020,2.0,1.0
349,31,Sat,2021-04-10,17:30,Crystal Palace,0.4,1–4,3.1,Chelsea,,Selhurst Park,Michael Oliver,Match Report,,2020,1.0,4.0
350,31,Sun,2021-04-11,12:00,Burnley,2.0,1–2,1.2,Newcastle Utd,,Turf Moor,Anthony Taylor,Match Report,,2020,1.0,2.0
351,31,Sun,2021-04-11,14:05,West Ham,0.8,3–2,0.9,Leicester City,,London Stadium,Mike Dean,Match Report,,2020,3.0,2.0
352,31,Sun,2021-04-11,16:30,Tottenham,0.9,1–3,2.1,Manchester Utd,,Tottenham Hotspur Stadium,Chris Kavanagh,Match Report,,2020,1.0,3.0
353,31,Sun,2021-04-11,19:00,Sheffield Utd,0.3,0–3,1.7,Arsenal,,Bramall Lane,Peter Bankes,Match Report,,2020,0.0,3.0
354,31,Mon,2021-04-12,18:00,West Brom,3.0,3–0,1.5,Southampton,,The Hawthorns,Simon Hooper,Match Report,,2020,3.0,0.0
355,31,Mon,2021-04-12,20:15,Brighton,1.2,0–0,0.4,Everton,,The American Express Community Stadium,Darren England,Match Report,,2020,0.0,0.0
357,32,Fri,2021-04-16,20:00,Everton,1.8,2–2,1.4,Tottenham,,Goodison Park,Michael Oliver,Match Report,,2020,2.0,2.0
358,32,Sat,2021-04-17,12:30,Newcastle Utd,2.2,3–2,1.9,West Ham,,St. James' Park,Kevin Friend,Match Report,,2020,3.0,2.0
359,32,Sat,2021-04-17,20:15,Wolves,1.1,1–0,0.5,Sheffield Utd,,Molineux Stadium,Robert Jones,Match Report,,2020,1.0,0.0
360,32,Sun,2021-04-18,13:30,Arsenal,2.7,1–1,0.9,Fulham,,Emirates Stadium,Craig Pawson,Match Report,,2020,1.0,1.0
361,32,Sun,2021-04-18,16:00,Manchester Utd,2.5,3–1,0.9,Burnley,,Old Trafford,Jonathan Moss,Match Report,,2020,3.0,1.0
362,32,Mon,2021-04-19,20:00,Leeds United,2.3,1–1,1.4,Liverpool,,Elland Road,Anthony Taylor,Match Report,,2020,1.0,1.0
363,32,Tue,2021-04-20,20:15,Chelsea,0.7,0–0,0.5,Brighton,,Stamford Bridge,Stuart Attwell,Match Report,,2020,0.0,0.0
365,29,Wed,2021-04-21,18:00,Tottenham,1.4,2–1,0.8,Southampton,,Tottenham Hotspur Stadium,David Coote,Match Report,,2020,2.0,1.0
367,32,Wed,2021-04-21,20:15,Aston Villa,0.7,1–2,1.2,Manchester City,,Villa Park,Peter Bankes,Match Report,,2020,1.0,2.0
368,32,Thu,2021-04-22,20:00,Leicester City,2.1,3–0,0.5,West Brom,,King Power Stadium,Andy Madley,Match Report,,2020,3.0,0.0
370,33,Fri,2021-04-23,20:00,Arsenal,0.8,0–1,0.5,Everton,,Emirates Stadium,Jonathan Moss,Match Report,,2020,0.0,1.0
371,33,Sat,2021-04-24,12:30,Liverpool,2.4,1–1,1.0,Newcastle Utd,,Anfield,Andre Marriner,Match Report,,2020,1.0,1.0
372,33,Sat,2021-04-24,17:30,West Ham,0.4,0–1,2.5,Chelsea,,London Stadium,Chris Kavanagh,Match Report,,2020,0.0,1.0
373,33,Sat,2021-04-24,20:00,Sheffield Utd,0.7,1–0,2.0,Brighton,,Bramall Lane,Kevin Friend,Match Report,,2020,1.0,0.0
374,33,Sun,2021-04-25,12:00,Wolves,0.4,0–4,2.0,Burnley,,Molineux Stadium,Darren England,Match Report,,2020,0.0,4.0
375,33,Sun,2021-04-25,14:00,Leeds United,0.3,0–0,1.2,Manchester Utd,,Elland Road,Craig Pawson,Match Report,,2020,0.0,0.0
376,33,Sun,2021-04-25,19:00,Aston Villa,3.2,2–2,1.5,West Brom,,Villa Park,Stuart Attwell,Match Report,,2020,2.0,2.0
377,33,Mon,2021-04-26,20:00,Leicester City,1.5,2–1,0.7,Crystal Palace,,King Power Stadium,Graham Scott,Match Report,,2020,2.0,1.0
379,34,Fri,2021-04-30,20:00,Southampton,0.9,1–1,1.9,Leicester City,,St. Mary's Stadium,Robert Jones,Match Report,,2020,1.0,1.0
380,34,Sat,2021-05-01,12:30,Crystal Palace,0.9,0–2,1.7,Manchester City,,Selhurst Park,David Coote,Match Report,,2020,0.0,2.0
381,34,Sat,2021-05-01,15:00,Brighton,2.3,2–0,0.6,Leeds United,,The American Express Community Stadium,Chris Kavanagh,Match Report,,2020,2.0,0.0
382,34,Sat,2021-05-01,17:30,Chelsea,1.7,2–0,0.3,Fulham,,Stamford Bridge,Kevin Friend,Match Report,,2020,2.0,0.0
383,34,Sat,2021-05-01,20:00,Everton,1.0,1–2,1.6,Aston Villa,,Goodison Park,Simon Hooper,Match Report,,2020,1.0,2.0
384,34,Sun,2021-05-02,14:00,Newcastle Utd,0.3,0–2,2.0,Arsenal,,St. James' Park,Mike Dean,Match Report,,2020,0.0,2.0
385,34,Sun,2021-05-02,19:15,Tottenham,2.2,4–0,0.5,Sheffield Utd,,Tottenham Hotspur Stadium,Andre Marriner,Match Report,,2020,4.0,0.0
386,34,Mon,2021-05-03,18:00,West Brom,1.1,1–1,1.0,Wolves,,The Hawthorns,Paul Tierney,Match Report,,2020,1.0,1.0
387,34,Mon,2021-05-03,20:15,Burnley,2.0,1–2,2.3,West Ham,,Turf Moor,Anthony Taylor,Match Report,,2020,1.0,2.0
389,35,Fri,2021-05-07,20:00,Leicester City,2.2,2–4,2.7,Newcastle Utd,,King Power Stadium,Darren England,Match Report,,2020,2.0,4.0
390,35,Sat,2021-05-08,12:30,Leeds United,2.5,3–1,0.9,Tottenham,,Elland Road,Michael Oliver,Match Report,,2020,3.0,1.0
391,35,Sat,2021-05-08,15:00,Sheffield Utd,0.7,0–2,2.0,Crystal Palace,,Bramall Lane,Simon Hooper,Match Report,,2020,0.0,2.0
392,35,Sat,2021-05-08,17:30,Manchester City,1.8,1–2,0.7,Chelsea,,Etihad Stadium,Anthony Taylor,Match Report,,2020,1.0,2.0
393,35,Sat,2021-05-08,20:15,Liverpool,1.7,2–0,1.1,Southampton,,Anfield,Kevin Friend,Match Report,,2020,2.0,0.0
394,35,Sun,2021-05-09,12:00,Wolves,1.1,2–1,0.3,Brighton,,Molineux Stadium,Jonathan Moss,Match Report,,2020,2.0,1.0
395,35,Sun,2021-05-09,14:05,Aston Villa,0.5,1–3,1.7,Manchester Utd,,Villa Park,Chris Kavanagh,Match Report,,2020,1.0,3.0
396,35,Sun,2021-05-09,16:30,West Ham,1.3,0–1,1.5,Everton,,London Stadium,Stuart Attwell,Match Report,,2020,0.0,1.0
397,35,Sun,2021-05-09,19:00,Arsenal,0.9,3–1,1.8,West Brom,,Emirates Stadium,Peter Bankes,Match Report,,2020,3.0,1.0
398,35,Mon,2021-05-10,20:00,Fulham,1.0,0–2,1.5,Burnley,,Craven Cottage,David Coote,Match Report,,2020,0.0,2.0
400,36,Tue,2021-05-11,18:00,Manchester Utd,0.2,1–2,0.9,Leicester City,,Old Trafford,Craig Pawson,Match Report,,2020,1.0,2.0
402,32,Tue,2021-05-11,20:15,Southampton,1.2,3–1,1.5,Crystal Palace,,St. Mary's Stadium,Andy Madley,Match Report,,2020,3.0,1.0
404,36,Wed,2021-05-12,20:15,Chelsea,1.8,0–1,0.6,Arsenal,,Stamford Bridge,Andre Marriner,Match Report,,2020,0.0,1.0
406,19,Thu,2021-05-13,18:00,Aston Villa,0.6,0–0,1.0,Everton,,Villa Park,Martin Atkinson,Match Report,,2020,0.0,0.0
408,34,Thu,2021-05-13,20:15,Manchester Utd,1.9,2–4,2.7,Liverpool,,Old Trafford,Anthony Taylor,Match Report,,2020,2.0,4.0
410,36,Fri,2021-05-14,20:00,Newcastle Utd,2.2,3–4,1.5,Manchester City,,St. James' Park,Kevin Friend,Match Report,,2020,3.0,4.0
411,36,Sat,2021-05-15,12:30,Burnley,1.3,0–4,1.5,Leeds United,,Turf Moor,Graham Scott,Match Report,,2020,0.0,4.0
412,36,Sat,2021-05-15,15:00,Southampton,1.6,3–1,0.8,Fulham,,St. Mary's Stadium,Craig Pawson,Match Report,,2020,3.0,1.0
413,36,Sat,2021-05-15,20:00,Brighton,0.8,1–1,1.7,West Ham,,The American Express Community Stadium,Andre Marriner,Match Report,,2020,1.0,1.0
414,36,Sun,2021-05-16,12:00,Crystal Palace,1.9,3–2,1.4,Aston Villa,,Selhurst Park,David Coote,Match Report,,2020,3.0,2.0
415,36,Sun,2021-05-16,14:05,Tottenham,3.2,2–0,0.9,Wolves,,Tottenham Hotspur Stadium,Martin Atkinson,Match Report,,2020,2.0,0.0
416,36,Sun,2021-05-16,16:30,West Brom,1.0,1–2,1.9,Liverpool,,The Hawthorns,Mike Dean,Match Report,,2020,1.0,2.0
417,36,Sun,2021-05-16,19:00,Everton,1.4,0–1,1.2,Sheffield Utd,,Goodison Park,Jonathan Moss,Match Report,,2020,0.0,1.0
419,37,Tue,2021-05-18,18:00,Manchester Utd,0.9,1–1,0.9,Fulham,"10,000",Old Trafford,Lee Mason,Match Report,,2020,1.0,1.0
420,37,Tue,2021-05-18,18:00,Southampton,1.6,0–2,1.7,Leeds United,"8,000",St. Mary's Stadium,Peter Bankes,Match Report,,2020,0.0,2.0
421,37,Tue,2021-05-18,19:00,Brighton,1.1,3–2,0.9,Manchester City,"7,945",The American Express Community Stadium,Stuart Attwell,Match Report,,2020,3.0,2.0
422,37,Tue,2021-05-18,20:15,Chelsea,3.1,2–1,0.8,Leicester City,"8,000",Stamford Bridge,Mike Dean,Match Report,,2020,2.0,1.0
423,37,Wed,2021-05-19,18:00,Newcastle Utd,1.6,1–0,0.9,Sheffield Utd,"10,000",St. James' Park,Robert Jones,Match Report,,2020,1.0,0.0
424,37,Wed,2021-05-19,18:00,Tottenham,0.8,1–2,1.4,Aston Villa,"10,000",Tottenham Hotspur Stadium,Craig Pawson,Match Report,,2020,1.0,2.0
425,37,Wed,2021-05-19,18:00,Everton,0.7,1–0,0.3,Wolves,"4,988",Goodison Park,Andy Madley,Match Report,,2020,1.0,0.0
426,37,Wed,2021-05-19,19:00,Crystal Palace,1.0,1–3,1.8,Arsenal,"6,500",Selhurst Park,Anthony Taylor,Match Report,,2020,1.0,3.0
427,37,Wed,2021-05-19,20:15,Burnley,0.8,0–3,2.6,Liverpool,"3,387",Turf Moor,Chris Kavanagh,Match Report,,2020,0.0,3.0
428,37,Wed,2021-05-19,20:15,West Brom,1.1,1–3,3.4,West Ham,"5,371",The Hawthorns,Michael Oliver,Match Report,,2020,1.0,3.0
430,38,Sun,2021-05-23,16:00,Aston Villa,1.1,2–1,3.3,Chelsea,"10,000",Villa Park,Stuart Attwell,Match Report,,2020,2.0,1.0
431,38,Sun,2021-05-23,16:00,Leicester City,1.9,2–4,1.5,Tottenham,"8,000",King Power Stadium,Anthony Taylor,Match Report,,2020,2.0,4.0
432,38,Sun,2021-05-23,16:00,Manchester City,2.5,5–0,1.1,Everton,"10,000",Etihad Stadium,Michael Oliver,Match Report,,2020,5.0,0.0
433,38,Sun,2021-05-23,16:00,Sheffield Utd,0.5,1–0,1.1,Burnley,"5,000",Bramall Lane,Kevin Friend,Match Report,,2020,1.0,0.0
434,38,Sun,2021-05-23,16:00,Wolves,0.9,1–2,2.0,Manchester Utd,"4,500",Molineux Stadium,Mike Dean,Match Report,,2020,1.0,2.0
435,38,Sun,2021-05-23,16:00,West Ham,1.3,3–0,1.5,Southampton,"10,000",London Stadium,Martin Atkinson,Match Report,,2020,3.0,0.0
436,38,Sun,2021-05-23,16:00,Leeds United,2.3,3–1,1.0,West Brom,"8,000",Elland Road,David Coote,Match Report,,2020,3.0,1.0
437,38,Sun,2021-05-23,16:00,Arsenal,0.8,2–0,0.2,Brighton,"10,000",Emirates Stadium,Jonathan Moss,Match Report,,2020,2.0,0.0
438,38,Sun,2021-05-23,16:00,Liverpool,1.6,2–0,0.6,Crystal Palace,"9,901",Anfield,Craig Pawson,Match Report,,2020,2.0,0.0
439,38,Sun,2021-05-23,16:00,Fulham,1.0,0–2,1.3,Newcastle Utd,"2,000",Craven Cottage,Chris Kavanagh,Match Report,,2020,0.0,2.0
